simulation,strategy,annual_cost_cny,avg_material_shortage_rate,max_material_shortage_rate,any_material_shortage,cost_weighted_risk
1,Lowest Cost,169709571.09394008,0.0461315185431197,0.28039241465364206,1,39.409851546120855
1,Balanced,171706029.72366226,0.02950309291775717,0.23602474334205736,1,34.864145394132116
1,Resilience,175456438.96771526,0.015734982889470492,0.12587986311576393,1,30.669617656151896
2,Lowest Cost,176307772.3795617,0.1230982424687779,0.5695141415647307,1,38.417679208791945
2,Balanced,179078664.88560498,0.04591000142415336,0.1907052180439497,1,34.1177845612405
2,Resilience,183095435.477977,0.027558847629256103,0.22047078103404882,1,30.779627855161806
3,Lowest Cost,162379408.29638365,0.0,0.0,0,39.558399769985854
3,Balanced,163627317.2763905,0.0,0.0,0,34.33190783419164
3,Resilience,166574590.0800875,0.0,0.0,0,30.66949661360756
4,Lowest Cost,201584140.2982449,0.06642169922571811,0.5313735938057449,1,37.881290423406774
4,Balanced,202308341.10693073,0.060805594777335395,0.48644475821868316,1,36.38794496436486
4,Resilience,210312419.71178424,0.0,0.0,0,30.439673241514384
5,Lowest Cost,162604927.1825387,0.0,0.0,0,39.48433187836588
5,Balanced,164672592.0989096,0.0,0.0,0,34.491705510605584
5,Resilience,168044318.56863737,0.0,0.0,0,30.68494800452097
6,Lowest Cost,202548176.08068478,0.05271110806966267,0.23564696135950314,1,38.4231540905535
6,Balanced,204999174.50770694,0.08328966197024858,0.5447345841798513,1,34.831094988453756
6,Resilience,209643064.81590348,0.054473458417985135,0.4357876673438811,1,30.69206563664338
7,Lowest Cost,128513146.79124123,0.0,0.0,0,38.58991365343258
7,Balanced,129949330.6026541,0.0,0.0,0,35.87470774866432
7,Resilience,134544151.90151832,0.0,0.0,0,30.44374733604769
8,Lowest Cost,159039572.10514006,0.0,0.0,0,39.679574345435626
8,Balanced,161315229.71871945,0.0,0.0,0,34.33092046973667
8,Resilience,164600896.2519903,0.0,0.0,0,30.684916208002974
9,Lowest Cost,152543801.00485823,0.07871718416366652,0.6297374733093322,1,39.672450569241704
9,Balanced,155442314.2552401,0.06425076644420351,0.5140061315536281,1,33.642597358415
9,Resilience,158787282.49895796,0.023771450881753003,0.19017160705402403,1,30.68125811114638
10,Lowest Cost,161245710.53843865,0.0,0.0,0,39.77652185994751
10,Balanced,162938440.23758534,0.0,0.0,0,34.314785071982385
10,Resilience,165978502.64639854,0.047601467297738204,0.38081173838190563,1,30.66954726378475
11,Lowest Cost,189556550.64082953,0.0,0.0,0,37.28272984665089
11,Balanced,191573698.5981842,0.0,0.0,0,34.28479277335862
11,Resilience,196084720.6319929,0.0,0.0,0,30.736209732363154
12,Lowest Cost,173652486.88530168,0.0,0.0,0,38.34813319192731
12,Balanced,175614717.57239282,0.0,0.0,0,35.828097712662355
12,Resilience,182338068.87873194,0.036914958330615935,0.2953196666449275,1,30.4414289826883
13,Lowest Cost,158345535.66744834,0.0,0.0,0,39.644599210796635
13,Balanced,159954470.41259807,0.0,0.0,0,34.31785275148374
13,Resilience,162920356.84116915,0.0,0.0,0,30.669538194122797
14,Lowest Cost,147904336.86807704,0.0,0.0,0,38.30896929714114
14,Balanced,149525281.17511114,0.0,0.0,0,35.88221198250394
14,Resilience,154741582.12922642,0.0,0.0,0,30.44414140922279
15,Lowest Cost,148109057.98496118,0.0,0.0,0,40.08330864988267
15,Balanced,149907942.4126106,0.0,0.0,0,34.48037530332043
15,Resilience,152844126.0232188,0.0,0.0,0,30.669573275116097
16,Lowest Cost,170702111.77717125,0.0,0.0,0,38.365782122781255
16,Balanced,173628470.0219105,0.0,0.0,0,34.19183929689365
16,Resilience,177718819.11091676,0.01918538830957149,0.15348310647657193,1,30.68089945355012
17,Lowest Cost,145690552.7590943,0.07033863117391108,0.5627090493912886,1,39.44349696528838
17,Balanced,148078528.41636056,0.052753973380433306,0.42203178704346644,1,34.474399968487354
17,Resilience,151371401.2723768,0.04220317870434663,0.33762542963477304,1,30.68230692351839
18,Lowest Cost,172395510.5487936,0.03965287931148208,0.288282056961253,1,39.28161877175198
18,Balanced,174418193.50719512,0.03408689462094071,0.14097393972198258,1,34.58024090711131
18,Resilience,178099539.40797743,0.05321579276646525,0.21497239453885297,1,30.684686989066346
19,Lowest Cost,166821910.09063885,0.04717524670780844,0.3774019736624675,1,38.34132668860732
19,Balanced,168487069.46170703,0.037430530269644935,0.2994442421571595,1,35.95910399728138
19,Resilience,174659633.77179042,0.0,0.0,0,30.44262079987318
20,Lowest Cost,160427422.74211437,0.07744979587676151,0.6195983670140921,1,38.101322515048516
20,Balanced,163154810.38888615,0.020911696335206093,0.16729357068164874,1,33.660823762232646
20,Resilience,166739417.7556948,0.0,0.0,0,30.68052152179946
21,Lowest Cost,167287272.2517927,0.0,0.0,0,39.26586532569807
21,Balanced,168925433.18569753,0.0,0.0,0,34.90713562100289
21,Resilience,172639614.59997773,0.0,0.0,0,30.669619920093933
22,Lowest Cost,156853007.39770854,0.0,0.0,0,37.91858649868797
22,Balanced,158445608.84025946,0.0,0.0,0,35.83316883419735
22,Resilience,164460353.77342284,0.0,0.0,0,30.441699892455464
23,Lowest Cost,179651559.10259652,0.0,0.0,0,39.6614316310675
23,Balanced,180399151.39819148,0.0,0.0,0,35.21938668521577
23,Resilience,183350257.43344992,0.0,0.0,0,31.412520288095024
24,Lowest Cost,184959025.98437315,0.0,0.0,0,38.29633343124524
24,Balanced,186997627.14010566,0.0,0.0,0,34.45526107801682
24,Resilience,190892395.34268612,0.0,0.0,0,30.684660082836775
25,Lowest Cost,202196553.68770286,0.0,0.0,0,37.21484846776899
25,Balanced,202558994.73344532,0.0,0.0,0,36.354405818554255
25,Resilience,209639563.51322246,0.04549849842314396,0.3639879873851517,1,30.44330169050923
26,Lowest Cost,169794887.50053436,0.0,0.0,0,38.79156446054359
26,Balanced,172373038.5328646,0.0,0.0,0,34.40042439811905
26,Resilience,176150268.819273,0.0,0.0,0,30.6823478191548
27,Lowest Cost,152582842.468234,0.08176729861156228,0.6541383888924982,1,39.64460160517066
27,Balanced,154494034.37475306,0.021997705319394198,0.17598164255515358,1,34.47154069343356
27,Resilience,157710038.94888157,0.0,0.0,0,30.684288500570485
28,Lowest Cost,181592184.9622907,0.0,0.0,0,37.76296493006948
28,Balanced,182823479.46249625,0.0,0.0,0,35.936811361034344
28,Resilience,189814206.27240825,0.0,0.0,0,30.739382870805148
29,Lowest Cost,192468884.93617827,0.0049143982847279916,0.03931518627782393,1,37.420640492507765
29,Balanced,193779722.88706934,0.0,0.0,0,35.9925857900661
29,Resilience,200581881.05954096,0.0,0.0,0,30.443919509359777
30,Lowest Cost,151446041.6302049,0.02795778809866331,0.2236623047893065,1,39.61719803045124
30,Balanced,153792132.38549444,0.00989621310406573,0.07916970483252583,1,34.404827520975815
30,Resilience,157080464.8720112,0.01583394096650516,0.12667152773204127,1,30.683406892143996
31,Lowest Cost,185521755.33511427,0.016304496157659235,0.13043596926127388,1,37.726319214380815
31,Balanced,186722604.05690855,0.0,0.0,0,35.799787023544845
31,Resilience,194204800.83747786,0.0,0.0,0,30.439933393798643
32,Lowest Cost,179072248.8609732,0.10341102759802659,0.6922555641387372,1,37.12643842314807
32,Balanced,181744042.64912447,0.09466336832605404,0.5191916731040529,1,35.741645814862714
32,Resilience,190124162.4084841,0.015116899373539938,0.1209351949883195,1,30.434932807128256
33,Lowest Cost,160616445.17310056,0.0,0.0,0,39.144209297658364
33,Balanced,162563522.00513694,0.0,0.0,0,34.76757278895669
33,Resilience,166176120.80345502,0.01555830355632376,0.12446642845059008,1,30.68381563277997
34,Lowest Cost,137532168.35110193,0.0,0.0,0,39.94217453644379
34,Balanced,139562302.51879063,0.0180476827682389,0.1443814621459112,1,34.42856030328661
34,Resilience,142477711.31120458,0.06399188076225915,0.28092470666461533,1,30.68442096622471
35,Lowest Cost,172436170.2164207,0.07263192515560767,0.5559267869774878,1,38.04442863526744
35,Balanced,173922831.0126132,0.06453487697269433,0.437645511019638,1,36.16134337496303
35,Resilience,180274665.5371777,0.04461640887938359,0.23111766341600215,1,30.462393019646584
36,Lowest Cost,168037559.3639832,0.06959853946517615,0.5349995817203199,1,38.7370264630146
36,Balanced,169935319.65765923,0.07283781230060261,0.409240065775345,1,35.49227732426202
36,Resilience,173994212.4551264,0.056173368836901286,0.32739205262027593,1,30.75138927791387
37,Lowest Cost,142659512.48525548,0.04511795424868219,0.3609436339894575,1,39.37791985890716
37,Balanced,144926845.19563702,0.04774730475008174,0.2707077254920931,1,34.483170705341784
37,Resilience,148127830.9779491,0.049324915050921486,0.2165661803936746,1,30.68261427741232
38,Lowest Cost,157806013.7972817,0.0,0.0,0,38.12773498945189
38,Balanced,160009067.68472323,0.0,0.0,0,34.61087571525013
38,Resilience,163690017.2897507,0.0,0.0,0,30.68177278463272
39,Lowest Cost,176778815.35579622,0.0,0.0,0,38.68840081687865
39,Balanced,179306111.06105304,0.0,0.0,0,34.59806160616079
39,Resilience,183391445.47793776,0.0,0.0,0,30.6822916024553
40,Lowest Cost,160520713.86338773,0.0,0.0,0,38.54914907886339
40,Balanced,162175557.41116196,0.0,0.0,0,35.89325987980001
40,Resilience,167293962.2904903,0.0,0.0,0,30.68040921379259
41,Lowest Cost,135100424.26831847,0.0,0.0,0,39.60122404367708
41,Balanced,136464341.71940738,0.0,0.0,0,34.359503640955
41,Resilience,138989873.89490837,0.0,0.0,0,30.669531972459602
42,Lowest Cost,149652677.75948295,0.17690744849817,0.7428529058996192,1,38.553767864270014
42,Balanced,151244579.7842744,0.04543807907462449,0.18571322647490485,1,35.88740975812824
42,Resilience,156040452.69636467,0.03555828122441823,0.28446624979534585,1,30.72023479798615
43,Lowest Cost,128048670.91430832,0.0,0.0,0,35.79365930896666
43,Balanced,128752007.2093025,0.0,0.0,0,35.15109293044774
43,Resilience,130839785.88412787,0.0,0.0,0,31.4124258470074
44,Lowest Cost,146961115.70094073,0.0,0.0,0,37.730673463680226
44,Balanced,148227940.75415298,0.0,0.0,0,35.88180606999647
44,Resilience,153402773.96358734,0.020065118429388268,0.16052094743510614,1,30.444120084146736
45,Lowest Cost,147956670.55971935,0.0,0.0,0,38.04984875762369
45,Balanced,149291145.8042763,0.0,0.0,0,35.81007247963238
45,Resilience,155175951.2962298,0.0,0.0,0,30.44047827099033
46,Lowest Cost,155360291.78618902,0.0,0.0,0,39.67933320956364
46,Balanced,157445847.12961587,0.0,0.0,0,34.59398447496595
46,Resilience,160874892.6430594,0.0,0.0,0,30.683707653152624
47,Lowest Cost,180626372.68736765,0.0,0.0,0,38.24259865907132
47,Balanced,182687365.26364022,0.0,0.0,0,34.81585638202937
47,Resilience,186765625.15837494,0.0,0.0,0,30.682132929210344
48,Lowest Cost,190072041.11802933,0.04164653074275983,0.3331722459420786,1,37.99864542383592
48,Balanced,191084554.3144214,0.014637186241262645,0.11709748993010116,1,35.867782788106865
48,Resilience,197918638.20433217,0.02437273462507014,0.19498187700056113,1,30.443059647439988
49,Lowest Cost,170304261.47100422,0.0,0.0,0,37.332199100030714
49,Balanced,172243739.3305438,0.0,0.0,0,35.958419565762625
49,Resilience,179205405.7851022,0.0,0.0,0,30.43956508938166
50,Lowest Cost,138686761.07676214,0.06172146983165559,0.47001072377420194,1,39.72044934221742
50,Balanced,141252039.8080383,0.043549673843081824,0.23089470980110416,1,33.644451774556316
50,Resilience,144271033.24226105,0.023089470980110396,0.18471576784088317,1,30.68149395663746
51,Lowest Cost,191250674.4555395,0.053075792361634885,0.4246063388930791,1,38.95194737477287
51,Balanced,193323195.60441908,0.053075792361634885,0.4246063388930791,1,34.92511140802722
51,Resilience,197654937.57832742,0.032691810251315664,0.2615344820105253,1,30.6833675755704
52,Lowest Cost,167694303.85949746,0.0,0.0,0,37.75418088430006
52,Balanced,168864492.00387803,0.0,0.0,0,35.85616181444871
52,Resilience,175050208.18000513,0.0,0.0,0,30.442690481201627
53,Lowest Cost,177317820.85954064,0.16112689659161183,0.49247213878172735,1,38.8699289585333
53,Balanced,180394385.31235027,0.0497371673095658,0.17596021985952726,1,34.33073474735788
53,Resilience,184709477.0744221,0.02546441293829478,0.20371530350635825,1,30.680553439906816
54,Lowest Cost,185426987.02725214,0.0,0.0,0,37.574573605655516
54,Balanced,186313615.89091638,0.0,0.0,0,35.987676688174226
54,Resilience,192868661.28903934,0.0,0.0,0,30.443931555361363
55,Lowest Cost,171006077.04159197,0.0001755698773427683,0.0014045590187421464,1,38.27498994761679
55,Balanced,172826030.03195754,0.025402780807936495,0.20322224646349196,1,35.86731609855827
55,Resilience,179017398.49418303,0.020322224646349196,0.16257779717079357,1,30.443359526736003
56,Lowest Cost,175437262.9435086,0.0,0.0,0,38.01633933645744
56,Balanced,177423777.76409537,0.0,0.0,0,35.81916824022666
56,Resilience,184315500.62001914,0.0,0.0,0,30.44095961446777
57,Lowest Cost,134343281.6781929,0.05708674875473364,0.45669399003786915,1,40.14307343882156
57,Balanced,136411574.75897533,0.04876581110988659,0.39012648887909274,1,34.32514789036287
57,Resilience,139232193.82420936,0.026008432591939523,0.20806746073551619,1,30.6842873792061
58,Lowest Cost,149822633.26050663,0.0,0.0,0,39.44973476040586
58,Balanced,152322661.56648606,0.0,0.0,0,34.30388985372532
58,Resilience,155645768.53931928,0.0,0.0,0,30.68197494339802
59,Lowest Cost,203202564.3716378,0.0,0.0,0,37.53488020137323
59,Balanced,204535438.24481225,0.0,0.0,0,35.57805207494832
59,Resilience,209586031.01685342,0.0,0.0,0,30.881443759488437
60,Lowest Cost,131585004.20928766,0.001102065399082225,0.0088165231926578,1,40.059107665814
60,Balanced,133160712.56223601,0.016527848840553153,0.13222279072442522,1,34.96921773279364
60,Resilience,135968131.78813025,0.03966683721732757,0.31733469773862055,1,30.66959079369258
61,Lowest Cost,151637870.6320316,0.0,0.0,0,39.38003979602912
61,Balanced,153737381.45145208,0.019012892228622222,0.15210313782897777,1,34.71397481765528
61,Resilience,157167454.52988663,0.030420627565795555,0.24336502052636444,1,30.683444551777107
62,Lowest Cost,153070977.98852378,0.06515662175671752,0.43503046178145266,1,38.3881688559118
62,Balanced,154830455.1370025,0.10084922834712277,0.32627284633608944,1,35.82772145457523
62,Resilience,160760851.28966162,0.06327879081905882,0.29379328854178355,1,30.441412846610604
63,Lowest Cost,185397010.14263475,0.04171033879473232,0.2858797015418201,1,38.21041357356137
63,Balanced,187181095.6449842,0.026879366232476734,0.21503492985981387,1,35.86774646004515
63,Resilience,193672061.3759691,0.05739647405104305,0.28714384852049335,1,30.649397420459238
64,Lowest Cost,182591598.70644417,0.0,0.0,0,39.411654225283456
64,Balanced,185143631.00231233,0.0,0.0,0,34.36124846096618
64,Resilience,188951870.14656177,0.0,0.0,0,30.684578040529182
65,Lowest Cost,157778222.00504106,0.0,0.0,0,38.26353891590334
65,Balanced,159647161.85071594,0.01144386177098601,0.09155089416788809,1,35.839410237343316
65,Resilience,165644688.45790014,0.018310178833577592,0.14648143066862074,1,30.442030392803343
66,Lowest Cost,151655137.43460178,0.0,0.0,0,37.758558443437664
66,Balanced,153066775.4232024,0.014851186553579365,0.11880949242863492,1,35.88000934253019
66,Resilience,158427866.72285682,0.02376189848572699,0.19009518788581592,1,30.444025703678772
67,Lowest Cost,169242770.5897736,0.0,0.0,0,36.94149755086973
67,Balanced,170948503.7832539,0.0,0.0,0,35.751962091237786
67,Resilience,178314957.36269292,0.0,0.0,0,30.437417303349307
68,Lowest Cost,193470486.70515823,0.0,0.0,0,38.76382898245477
68,Balanced,195034530.92794222,0.0,0.0,0,35.199314474564666
68,Resilience,199128065.75276393,0.0,0.0,0,30.669584744925324
69,Lowest Cost,189947669.65668222,0.08388670617721075,0.5142561024374097,1,38.27092581882228
69,Balanced,191638155.50016338,0.08862277446710988,0.5335049093250832,1,36.120367996236986
69,Resilience,198551885.70263228,0.08844594821486747,0.42680392746006646,1,30.443004951372398
70,Lowest Cost,199152218.79724866,0.006062033901645308,0.04849627121316247,1,38.097034124835055
70,Balanced,200295840.38415286,0.012904624605999726,0.10323699684799781,1,36.2015509891271
70,Resilience,207591824.6232676,0.020647399369599584,0.16517919495679667,1,30.486398301372603
71,Lowest Cost,166919293.4522058,0.0,0.0,0,37.928652635525616
71,Balanced,168463123.30680737,0.0,0.0,0,36.05165624731723
71,Resilience,174547751.25245297,0.03271760353378078,0.26174082827024625,1,30.5012664536699
72,Lowest Cost,174529550.75505266,0.0,0.0,0,38.20653632497963
72,Balanced,175786578.28476244,0.0,0.0,0,35.91688320295058
72,Resilience,182252218.36764237,0.0,0.0,0,30.442558586391797
73,Lowest Cost,178040966.05827615,0.03165034503267043,0.1833557930325641,1,38.33939254177697
73,Balanced,179431251.9603104,0.06429077279496334,0.5143261823597067,1,35.819604884894005
73,Resilience,186486817.3865484,0.05143261823597066,0.4114609458877653,1,30.440331269269397
74,Lowest Cost,180548954.35827705,0.05724463069993592,0.4072438565655221,1,38.91713837846673
74,Balanced,183088981.6250299,0.09430465291098844,0.3986718051949323,1,34.398627257148135
74,Resilience,187121990.5056125,0.0510374744034985,0.21855823891173454,1,30.682208867633285
75,Lowest Cost,171863166.266428,0.0,0.0,0,38.76154440838881
75,Balanced,173672925.70873183,0.0,0.0,0,34.2682484813918
75,Resilience,177077505.3665352,0.0,0.0,0,30.74445274598372
76,Lowest Cost,150540313.89391944,0.0,0.0,0,39.906236880557444
76,Balanced,152769446.51422608,0.0,0.0,0,34.3261918691897
76,Resilience,155919756.66269815,0.0,0.0,0,30.684401075518952
77,Lowest Cost,183453260.57171267,0.04250437291630142,0.3290460737481974,1,36.99907339145503
77,Balanced,185326066.13603485,0.021042062684927948,0.1042966356263727,1,35.81528923319386
77,Resilience,192837447.59584463,0.012807973170610193,0.10246378536488154,1,30.439518878702376
78,Lowest Cost,159122921.0270714,0.07471115393326508,0.5976892314661206,1,38.26481826006844
78,Balanced,160805905.6695035,0.06590382737497773,0.5272306189998218,1,35.87989275896337
78,Resilience,166439237.5418131,0.052723061899982174,0.4217844951998574,1,30.44401958036276
79,Lowest Cost,194836499.00436857,0.05759128621871304,0.4607302897497043,1,37.23588076844571
79,Balanced,195423747.32331538,0.054223024238684206,0.43378419390947365,1,36.36988183240872
79,Resilience,202510896.94036108,0.0,0.0,0,30.638354939447286
80,Lowest Cost,141237116.78174755,0.0,0.0,0,39.62814688154849
80,Balanced,143640434.35939848,0.0,0.0,0,34.49703733535776
80,Resilience,146805949.9222452,0.0,0.0,0,30.682236913386873
81,Lowest Cost,166095590.3506458,0.0,0.0,0,37.99645266089462
81,Balanced,167524264.02219027,0.0,0.0,0,35.87932945007039
81,Resilience,173398898.34703994,0.0,0.0,0,30.443989994927207
82,Lowest Cost,184838263.91593271,0.028866157932972605,0.23092926346378084,1,38.72307920647201
82,Balanced,186435398.46094078,0.07948331894240863,0.5211932112694768,1,35.07917966278624
82,Resilience,190684005.9142017,0.07297043132192865,0.43740222745019,1,30.68337968062049
83,Lowest Cost,202523780.32328638,0.0,0.0,0,36.961356216195604
83,Balanced,204693789.5633102,0.0,0.0,0,35.74634608189126
83,Resilience,213579371.99979424,0.027365538031864145,0.21892430425491316,1,30.437129181153942
84,Lowest Cost,140961680.31804064,0.0,0.0,0,38.434364992571034
84,Balanced,143725167.75739363,0.0,0.0,0,33.638374048048505
84,Resilience,146865762.9495517,0.0,0.0,0,30.680721240017334
85,Lowest Cost,175086667.64467832,0.011414986434240423,0.09131989147392339,1,38.52098778151243
85,Balanced,176671089.65060237,0.022967872353071878,0.18374297882457502,1,36.14886737603075
85,Resilience,183366460.55639642,0.0275522729803582,0.2204181838428656,1,30.44142621990982
86,Lowest Cost,170756353.61374828,0.05333352804982412,0.2119218185092645,1,39.556360106147615
86,Balanced,172701926.3907655,0.12824851165202888,0.43996853672511294,1,34.335718635378115
86,Resilience,176240976.4039589,0.08135808504715929,0.3110130919858529,1,30.669614832769167
87,Lowest Cost,175836692.22193643,0.04983529172555862,0.39868233380446894,1,38.712877186582475
87,Balanced,177538718.4938752,0.04983529172555862,0.39868233380446894,1,35.87539534825434
87,Resilience,184254238.87804702,0.04474402827360212,0.35795222618881695,1,30.4417786340608
88,Lowest Cost,168281454.34253323,0.006532227079647429,0.05225781663717943,1,37.01633364457624
88,Balanced,170534541.01960263,0.0164972985216824,0.1319783881734592,1,35.76155312162395
88,Resilience,177779336.96719578,0.026395677634691833,0.21116542107753467,1,30.437921791076676
89,Lowest Cost,141988567.94118837,0.07237265419189567,0.5789812335351654,1,36.979907065604266
89,Balanced,144015555.30187085,0.01817251267569149,0.14538010140553193,1,35.739591919199576
89,Resilience,150333348.99433342,0.0,0.0,0,30.43677013024507
90,Lowest Cost,187467431.11066276,0.0,0.0,0,39.40306978314823
90,Balanced,189474256.79612988,0.034605684775921366,0.27684547820737093,1,34.99472076602869
90,Resilience,193501536.5253256,0.02265009028412672,0.18120072227301376,1,30.669594001525027
91,Lowest Cost,179392244.55436462,0.0,0.0,0,38.50828244894898
91,Balanced,181824351.7320946,0.0,0.0,0,34.69279341412397
91,Resilience,186351265.9513098,0.0,0.0,0,30.68076093705889
92,Lowest Cost,185040015.52091503,0.07052665696561514,0.47233495778610946,1,37.99329597933347
92,Balanced,186917235.89066446,0.09307188265359616,0.3806572247301384,1,35.821429949981585
92,Resilience,194150750.1856458,0.03806572247301385,0.3045257797841108,1,30.441080175451113
93,Lowest Cost,162737846.15452805,0.0605321032112761,0.4842568256902088,1,39.6740414268136
93,Balanced,165018154.86516085,0.05340452705848468,0.42723621646787746,1,34.329122364376595
93,Resilience,168395140.21157372,0.028482414431191844,0.22785931544953475,1,30.684720292744814
94,Lowest Cost,179645192.69696963,0.0,0.0,0,37.23599648474909
94,Balanced,181029971.02610308,0.0,0.0,0,35.806894210962774
94,Resilience,188201353.72985816,0.04488493488909347,0.20898688274504162,1,30.440307540895734
95,Lowest Cost,186161113.16384622,0.11225424887861087,0.4718704777604711,1,39.05869228639653
95,Balanced,187429736.34063995,0.07576326255980798,0.42381576225170636,1,35.317708306698606
95,Resilience,190854362.46304,0.05581505701547655,0.339052609801365,1,30.86308481409413
96,Lowest Cost,172329435.24305937,0.0,0.0,0,38.18475564162561
96,Balanced,174181003.44476914,0.0,0.0,0,35.86547725113279
96,Resilience,180441093.32731876,0.0,0.0,0,30.443263104178854
97,Lowest Cost,176802392.630544,0.05428210112213047,0.4342568089770438,1,38.62089973887302
97,Balanced,178906600.0025866,0.05428210112213047,0.4342568089770438,1,34.439458955476326
97,Resilience,182708219.1426305,0.029761959084859305,0.23809567267887444,1,30.68340930528395
98,Lowest Cost,154013811.22039247,0.08245173089828703,0.6596138471862962,1,38.27710362697766
98,Balanced,155827536.62103403,0.022952837784774846,0.18362270227819877,1,35.84959030174319
98,Resilience,161591246.72393966,0.054766081745278056,0.2937963236451179,1,30.4425187341085
99,Lowest Cost,178352225.42275292,0.0,0.0,0,38.36791908947579
99,Balanced,180836553.9652037,0.0,0.0,0,34.46731098787612
99,Resilience,185388600.70243576,0.0,0.0,0,30.680787489067225
100,Lowest Cost,152197479.81270978,0.0,0.0,0,37.02804092088621
100,Balanced,154141132.06002507,0.0,0.0,0,35.75737268690825
100,Resilience,160729790.86268803,0.0,0.0,0,30.437703151545215
101,Lowest Cost,202340803.83425337,0.12601706056168427,0.5280436415807268,1,36.419758978954896
101,Balanced,203915335.51412714,0.10205222433627913,0.4387456201896056,1,35.96891251022882
101,Resilience,213371361.70590028,0.047209021812578425,0.3776721745006274,1,30.434687825887448
102,Lowest Cost,167373768.4103757,0.0,0.0,0,36.82735779075819
102,Balanced,169214093.79404622,0.0,0.0,0,35.78105716566021
102,Resilience,176194966.0000558,0.0,0.0,0,30.438945985747466
103,Lowest Cost,150630348.20503742,0.05803928686746131,0.41013784208635373,1,38.42465391576454
103,Balanced,152061847.24484387,0.04709540712075891,0.3076033815647652,1,35.95131147091528
103,Resilience,157557746.31972194,0.04459231323673775,0.2460827052518122,1,30.443045542381928
104,Lowest Cost,173484582.65698326,0.0,0.0,0,38.25400380074483
104,Balanced,174797550.9571243,0.0,0.0,0,35.92129309975425
104,Resilience,181438000.80313122,0.0,0.0,0,30.441595795599603
105,Lowest Cost,143060545.64882326,0.0,0.0,0,37.267411429897166
105,Balanced,145015830.8955839,0.0,0.0,0,35.76109682695474
105,Resilience,151181166.17367437,0.0,0.0,0,30.43789667071795
106,Lowest Cost,162023045.54764706,0.02802843309306012,0.22422746474448096,1,38.93476542127712
106,Balanced,164662460.1596274,0.02802843309306012,0.22422746474448096,1,34.39273314274367
106,Resilience,168361373.46417117,0.05488982147047117,0.43911857176376934,1,30.681738667291555
107,Lowest Cost,167765707.10531193,0.0,0.0,0,39.742028455184645
107,Balanced,170023252.26176852,0.0,0.0,0,34.72226180334187
107,Resilience,173914248.88953173,0.019435214123928943,0.15548171299143154,1,30.6830907512494
108,Lowest Cost,172504717.96032718,0.0,0.0,0,39.12508921906107
108,Balanced,174328668.73529395,0.0,0.0,0,34.90024792158012
108,Resilience,178113964.37017828,0.0,0.0,0,30.685060259236035
109,Lowest Cost,155485833.63862422,0.0069132221862071574,0.05530577748965726,1,38.40006103468964
109,Balanced,156491775.65369192,0.007981980804678865,0.06385584643743092,1,36.06846787152388
109,Resilience,162052423.45030028,0.012771169287486173,0.10216935429988938,1,30.443513426703927
110,Lowest Cost,172191327.67734674,0.01111482053692886,0.08891856429543088,1,38.88210820068372
110,Balanced,174899062.27893,0.015344789328480518,0.12275831462784415,1,34.301737456065894
110,Resilience,178734870.8967055,0.03682749438835321,0.2946199551068257,1,30.681741094310603
111,Lowest Cost,181924874.96466562,0.06520719675213017,0.5191879640572912,1,38.22070353051934
111,Balanced,183490102.0572094,0.04867387163037104,0.3893909730429683,1,35.91115614568771
111,Resilience,190617452.83412045,0.038939097304296844,0.31151277843437475,1,30.440860943833943
112,Lowest Cost,154952857.09517232,0.16911713978918863,0.6930093519335165,1,39.936755842145054
112,Balanced,156894497.63181043,0.1262566737414313,0.5151075651464558,1,34.348517503858396
112,Resilience,159973861.27533707,0.08383508682159647,0.3959566598279953,1,30.66958292802225
113,Lowest Cost,201301091.34196028,0.0,0.0,0,37.22778390982436
113,Balanced,202891713.49143776,0.0,0.0,0,36.00687306322445
113,Resilience,211590419.0651362,0.0,0.0,0,30.437722904693604
114,Lowest Cost,194005880.96425265,0.022752892552272794,0.18202314041818235,1,37.537074666136576
114,Balanced,195306861.57437775,0.022752892552272794,0.18202314041818235,1,35.893819371268116
114,Resilience,202678402.081021,0.02193405855775135,0.1754724684620108,1,30.441525121532806
115,Lowest Cost,195897663.16184327,0.03456869920477687,0.20569333066091944,1,37.83456050066847
115,Balanced,198028440.785495,0.026161996821017344,0.12474574769940228,1,34.70144821604747
115,Resilience,202537884.13062784,0.024949149539880464,0.1995931963190437,1,30.682057572078538
116,Lowest Cost,153659453.15328082,0.0,0.0,0,38.22357798323745
116,Balanced,155605040.46834865,0.0,0.0,0,35.80137678461306
116,Resilience,161824776.77351058,0.0,0.0,0,30.4400170269877
117,Lowest Cost,174281709.78581777,0.0,0.0,0,38.440305094043055
117,Balanced,176130443.85473865,0.0,0.0,0,35.83111024805915
117,Resilience,182905310.55534297,0.0,0.0,0,30.440965015034383
118,Lowest Cost,211658651.7403773,0.09195639479492032,0.47862089326085644,1,38.637526039117766
118,Balanced,214122792.21017957,0.0582120287706578,0.24151720325387593,1,35.02276253669754
118,Resilience,219349153.64455345,0.024151720325387593,0.19321376260310075,1,30.798521517421467
119,Lowest Cost,152463200.13593736,0.076901989088008,0.615215912704064,1,38.26662914122399
119,Balanced,154136595.13602096,0.057676491816005995,0.46141193452804796,1,35.87537864786115
119,Resilience,159580127.79564995,0.0,0.0,0,30.443782552624956
120,Lowest Cost,184590761.33493719,0.0,0.0,0,38.21161803978885
120,Balanced,186078309.9544488,0.0,0.0,0,36.078605306825466
120,Resilience,192924748.97805348,0.0,0.0,0,30.44247751260923
121,Lowest Cost,144675768.00913563,0.06232481674396516,0.49859853395172127,1,37.22772840460694
121,Balanced,146505435.53211543,0.06479369793610211,0.45184835288343883,1,35.745685071790625
121,Resilience,152876658.9000673,0.058485081409419507,0.36147868230675106,1,30.437088208727015
122,Lowest Cost,176126304.65805236,0.0,0.0,0,38.48089203952937
122,Balanced,178054875.05177715,0.0,0.0,0,35.86293890034691
122,Resilience,184482669.17008376,0.0,0.0,0,30.443130037606217
123,Lowest Cost,162919149.95551357,0.004910341109537544,0.039282728876300355,1,39.003504109254145
123,Balanced,164495272.30843404,0.022451537400218685,0.17961229920174948,1,34.623707888089655
123,Resilience,167738103.26150486,0.053883689760524836,0.4310695180841987,1,30.669569491902923
124,Lowest Cost,155923999.6768573,0.0650674007783128,0.5205392062265024,1,38.67492764398636
124,Balanced,157634524.83910146,0.05534767373337503,0.4427813898670002,1,35.88312966904739
124,Resilience,163124608.35567632,0.05731912135700459,0.45855297085603675,1,30.444189624816268
125,Lowest Cost,147422551.195776,0.0,0.0,0,37.219279264428124
125,Balanced,149508517.07155505,0.0,0.0,0,35.74669763163545
125,Resilience,156000780.250173,0.0,0.0,0,30.43714127879518
126,Lowest Cost,171319241.7537382,0.0005832849677155361,0.0046662797417242885,1,37.80694969981768
126,Balanced,172883896.27572313,0.016698087268680856,0.13358469814944685,1,35.8713697312436
126,Resilience,179033182.3633119,0.026716939629889372,0.21373551703911498,1,30.443572160885317
127,Lowest Cost,162382858.5574854,0.03253089711649115,0.24011517647520964,1,37.03667818359913
127,Balanced,163722589.94614947,0.03569870404166883,0.21782647883880424,1,35.76896718228428
127,Resilience,170599809.8751508,0.03533527858278973,0.17426118307104344,1,30.43829405726911
128,Lowest Cost,180159683.1246168,0.09704244136491476,0.39281760948891753,1,38.20946345556767
128,Balanced,181396235.39481345,0.08432580951854857,0.365732332665903,1,35.882305373575335
128,Resilience,187654952.2419822,0.06570065891784137,0.2925858661327224,1,30.512975466910937
129,Lowest Cost,183439529.6218587,0.017228472941645492,0.10149708755180764,1,38.98820338102977
129,Balanced,185996931.66489333,0.028447662125925588,0.2275812970074047,1,34.32600450311868
129,Resilience,190394395.06256196,0.025549941717337724,0.2043995337387018,1,30.68121145436964
130,Lowest Cost,160130739.63378865,0.05807601161617079,0.46460809292936633,1,39.612530332235046
130,Balanced,161480442.0832113,0.04355700871212809,0.3484560696970247,1,34.88345170673784
130,Resilience,164446328.54042405,0.03484560696970247,0.2787648557576198,1,30.669497556174974
131,Lowest Cost,154089761.4457855,0.0,0.0,0,38.94867992265055
131,Balanced,156586395.1373664,0.0,0.0,0,34.44155102550655
131,Resilience,160012434.9868234,0.0,0.0,0,30.682178583651712
132,Lowest Cost,162165851.95226207,0.017209682187446493,0.13767745749957194,1,39.20611536812586
132,Balanced,164159373.96823323,0.018405166162437037,0.1472413292994963,1,34.781734567930556
132,Resilience,167666634.22096956,0.02944826585989925,0.235586126879194,1,30.70926181422637
133,Lowest Cost,172895187.5131952,0.06817972158318586,0.5024816924609965,1,38.47996272528909
133,Balanced,174692845.63365543,0.11667766246038237,0.3857503584473635,1,35.89175856512447
133,Resilience,180222764.4540705,0.09334212996830588,0.30860028675789075,1,30.68034312427773
134,Lowest Cost,176468645.01088312,0.0,0.0,0,37.989425413406515
134,Balanced,177948239.0489018,0.0,0.0,0,35.899835909252204
134,Resilience,184593665.49488258,0.0,0.0,0,30.442162760758716
135,Lowest Cost,175305142.46482062,0.07740212816387135,0.5478292757196763,1,39.50348701665087
135,Balanced,177322100.61284104,0.14251644997960206,0.5478292757196763,1,34.84663592413482
135,Resilience,181228790.3156835,0.09412991335261468,0.2966073299506444,1,30.683917423446445
136,Lowest Cost,167167548.56472299,0.0,0.0,0,39.529800348611744
136,Balanced,168504698.81666046,0.0,0.0,0,34.86163981105317
136,Resilience,171628016.05718407,0.0,0.0,0,30.66949787397856
137,Lowest Cost,171506231.08577475,0.015057012477796644,0.12045609982237315,1,38.98912777682986
137,Balanced,172052235.38274693,0.0,0.0,0,35.29216537327313
137,Resilience,175408447.94771132,0.0,0.0,0,30.66947553682997
138,Lowest Cost,175932981.88701013,0.11952175169745725,0.49749395755414116,1,39.21131404397862
138,Balanced,178245817.2724643,0.07561762793382368,0.4296587579775387,1,34.752809311208026
138,Resilience,182083305.51758224,0.04296587579775388,0.343727006382031,1,30.75010196281495
139,Lowest Cost,192287695.87176934,0.0,0.0,0,39.53610563829836
139,Balanced,193819488.9178613,0.0,0.0,0,35.37018030986527
139,Resilience,198092812.0484793,0.0,0.0,0,30.669613251817946
140,Lowest Cost,165928729.76019686,0.14224199959050604,0.7123216617556343,1,37.15104810017048
140,Balanced,168156835.96681964,0.10668149969287952,0.5342412463167256,1,35.75825256761401
140,Resilience,175335084.9347265,0.05342412463167258,0.42739299705338063,1,30.437749679635736
141,Lowest Cost,206664975.95677572,0.0,0.0,0,37.625030923935356
141,Balanced,208756756.64690983,0.021357612993843048,0.17086090395074438,1,36.094789825759925
141,Resilience,217419206.8552414,0.027473127010977857,0.21978501608782286,1,30.473433095069325
142,Lowest Cost,187311679.38295573,0.0,0.0,0,38.10051884932976
142,Balanced,188855629.38469014,0.0,0.0,0,36.033018417720825
142,Resilience,196018000.9181796,0.0,0.0,0,30.44154737100622
143,Lowest Cost,188870348.10848522,0.0075860028467302915,0.06068802277384233,1,37.83275503924057
143,Balanced,190468912.24503544,0.01282890108316867,0.10263120866534936,1,35.8152514308103
143,Resilience,197911899.2667506,0.020526241733069883,0.16420993386455907,1,30.440587384751087
144,Lowest Cost,173976917.68219376,0.0,0.0,0,37.88343159205037
144,Balanced,175645971.9042589,0.0,0.0,0,35.894193909386246
144,Resilience,181179220.4937741,0.0,0.0,0,30.68045033688851
145,Lowest Cost,172720525.90116668,0.01965834956648485,0.1572667965318788,1,37.46403984413395
145,Balanced,174238445.2516714,0.07036522707356639,0.423483704776746,1,35.8218670182488
145,Resilience,180951283.27179313,0.06607290193994654,0.3387869638213967,1,30.468207768873498
146,Lowest Cost,147122403.3530118,0.0,0.0,0,39.669693871542364
146,Balanced,148939603.35721853,0.0,0.0,0,34.343887012736204
146,Resilience,151909461.56279355,0.0,0.0,0,30.669594477061572
147,Lowest Cost,149479412.17488313,0.0024556764021340938,0.01964541121707275,1,39.73991058137489
147,Balanced,151707581.53764242,0.017150268769921664,0.13720215015937332,1,34.32255102073424
147,Resilience,154865588.14367467,0.057487323979889884,0.24037515158412148,1,30.684004616688867
148,Lowest Cost,158450112.32436502,0.0,0.0,0,39.576302192965215
148,Balanced,160637959.14325503,0.0,0.0,0,34.82603376709493
148,Resilience,164247679.99721253,0.0,0.0,0,30.683465379687085
149,Lowest Cost,149079401.92691576,0.0,0.0,0,39.59911471765466
149,Balanced,151311767.9066559,0.0,0.0,0,34.58231287695258
149,Resilience,154540171.20686808,0.01570723291952668,0.12565786335621343,1,30.68376597512451
150,Lowest Cost,165648293.95513225,0.0,0.0,0,38.304165032296375
150,Balanced,166898352.69604015,0.0,0.0,0,35.432202738971306
150,Resilience,170754362.38645485,0.03235956644190656,0.2588765315352525,1,30.70582540819784
151,Lowest Cost,156942147.79098985,0.0,0.0,0,39.50819101751083
151,Balanced,158950745.89033127,0.0,0.0,0,34.790825263887484
151,Resilience,162512300.66269556,0.0,0.0,0,30.683648104460424
152,Lowest Cost,155747738.48321247,0.0,0.0,0,38.133784507882346
152,Balanced,157567649.0314989,0.0,0.0,0,35.834917334982634
152,Resilience,163531990.7955311,0.0,0.0,0,30.441791168348487
153,Lowest Cost,145813993.8422737,0.03410981785177687,0.272878542814215,1,39.97724516032202
153,Balanced,147447354.1914819,0.012427503977676002,0.09942003182140802,1,34.901911769839444
153,Resilience,150497905.03872406,0.019884006364281614,0.15907205091425292,1,30.669583636175066
154,Lowest Cost,178137999.02061945,0.0227509401913943,0.1820075215311544,1,38.56719476564232
154,Balanced,180613511.45911363,0.04069849490276324,0.1820075215311544,1,34.432071789444116
154,Resilience,184672489.59388196,0.04098478833589339,0.2163046377408846,1,30.681737492364817
155,Lowest Cost,165371938.7173873,0.0,0.0,0,39.366229528179126
155,Balanced,166233234.86034456,0.0,0.0,0,35.36463427923704
155,Resilience,169482584.55011198,0.017314083773862954,0.13851267019090363,1,30.690941500221008
156,Lowest Cost,171775759.6024897,0.005911141383063256,0.04728913106450605,1,38.84838509197454
156,Balanced,173874096.27693442,0.0,0.0,0,34.43069432284314
156,Resilience,177617369.906458,0.0,0.0,0,30.683287633473174
157,Lowest Cost,185804679.8432696,0.0,0.0,0,39.526752397580495
157,Balanced,188696538.71942922,0.05477005982895468,0.43816047863163743,1,34.8835002887566
157,Resilience,193235024.3337378,0.03493511773537614,0.2794809418830091,1,30.681667893152017
158,Lowest Cost,170751091.7299845,0.0,0.0,0,39.635353127177254
158,Balanced,172964120.45221975,0.022720263068538235,0.18176210454830588,1,34.80628605101801
158,Resilience,176677465.80739608,0.054528631364491764,0.4362290509159341,1,30.783843403039505
159,Lowest Cost,162843723.67878345,0.05999951232165973,0.47999609857327785,1,39.58898187072283
159,Balanced,163806673.57759005,0.016757370523898474,0.1340589641911878,1,34.98792105185362
159,Resilience,166992392.1183533,0.0,0.0,0,30.669480952902898
160,Lowest Cost,179854811.02352172,0.0822779120540948,0.6582232964327585,1,37.24663543883499
160,Balanced,180865943.17578822,0.062154235154666074,0.4972338812373286,1,35.85522373286898
160,Resilience,187501991.30383077,0.08481086429334915,0.3977871049898629,1,30.44264138384252
161,Lowest Cost,165776193.29945618,0.00705555938679088,0.05644447509432704,1,38.31480391471727
161,Balanced,167789756.7296462,0.034553300389691316,0.27642640311753053,1,34.4905962009707
161,Resilience,171578449.2692632,0.01983565601449222,0.15868524811593776,1,30.681986128011
162,Lowest Cost,210068802.23767918,0.0,0.0,0,37.20657604677844
162,Balanced,210917341.66799295,0.0,0.0,0,35.94181641418561
162,Resilience,218041467.79724878,0.0,0.0,0,30.608306123082667
163,Lowest Cost,173412967.1879283,0.08551241907489752,0.6840993525991802,1,39.35566816776963
163,Balanced,176422035.0458765,0.021981369654685917,0.17585095723748734,1,34.303945705115716
163,Resilience,180270371.6858326,0.0,0.0,0,30.68198101212278
164,Lowest Cost,219119658.34111205,0.0,0.0,0,37.102570667313834
164,Balanced,220481088.12969658,0.0,0.0,0,36.214989660597745
164,Resilience,229715333.86310935,0.0,0.0,0,30.43755474735733
165,Lowest Cost,154715411.2773879,0.0,0.0,0,38.95637653057911
165,Balanced,156668698.6885329,0.0,0.0,0,34.32702961477212
165,Resilience,159892384.588281,0.0,0.0,0,30.68449232065786
166,Lowest Cost,176874571.6521591,0.0,0.0,0,38.65695573905858
166,Balanced,178402922.36916038,0.0,0.0,0,35.88498424041499
166,Resilience,184595479.72748518,0.0,0.0,0,30.444287081136885
167,Lowest Cost,176687446.05835828,0.004021094817483334,0.03216875853986667,1,39.22349114580952
167,Balanced,178410802.05323488,0.0,0.0,0,34.98618778919294
167,Resilience,182257158.56474102,0.0,0.0,0,30.669602642759184
168,Lowest Cost,157021753.2811168,0.0,0.0,0,38.29531706217535
168,Balanced,160105687.83745047,0.008895659965219377,0.07116527972175501,1,33.63650048306444
168,Resilience,163627826.75582603,0.014233055944351009,0.11386444755480807,1,30.680483182514493
169,Lowest Cost,176489279.49563423,0.0,0.0,0,36.43190016208994
169,Balanced,178040654.46335492,0.0,0.0,0,35.77427936322274
169,Resilience,185459644.3299521,0.0,0.0,0,30.43857266326332
170,Lowest Cost,149992516.95500684,0.10098998789899916,0.5216238890601053,1,39.59648197420648
170,Balanced,152379959.9444793,0.057848990041006354,0.3912179167950789,1,34.31708947104033
170,Resilience,155596552.3535019,0.039121791679507883,0.31297433343606307,1,30.683410182321193
171,Lowest Cost,181801060.79648456,0.0,0.0,0,37.366205763122586
171,Balanced,182844824.14318362,0.014148918772781557,0.11319135018225246,1,35.84796871758446
171,Resilience,189628624.6014545,0.038233409723224074,0.18110616029160398,1,30.442408693072295
172,Lowest Cost,167968502.39029697,0.01981568397190854,0.15852547177526832,1,38.68072345991941
172,Balanced,169953415.36756718,0.0,0.0,0,34.531913876582934
172,Resilience,173471233.73521543,0.0,0.0,0,30.684687415787796
173,Lowest Cost,190953261.86733806,0.0,0.0,0,37.960123779236994
173,Balanced,193393141.75660494,0.0,0.0,0,34.43534213365316
173,Resilience,198094814.88233188,0.0,0.0,0,30.680781252664868
174,Lowest Cost,171497381.911581,0.0559066040946692,0.27475542344352977,1,39.31548548693403
174,Balanced,173613491.14301056,0.07524049945626547,0.3958574280674765,1,34.716390328239086
174,Resilience,177548538.72264034,0.062279836898188584,0.33338544111939084,1,30.682347292127613
175,Lowest Cost,158707060.67923924,0.05147007337676453,0.4117605870141162,1,39.17710094593666
175,Balanced,160608655.81621942,0.042865457203263194,0.34292365762610555,1,34.27783559923902
175,Resilience,163831624.82552585,0.03429236576261056,0.2743389261008845,1,30.669604027463063
176,Lowest Cost,191691191.102452,0.0,0.0,0,36.1966726421465
176,Balanced,192817048.0580884,0.0,0.0,0,35.81338395876511
176,Resilience,200640957.95977828,0.0,0.0,0,30.43947866464192
177,Lowest Cost,165306881.07378286,0.0,0.0,0,38.00350285037577
177,Balanced,167087009.8531315,0.008852604073104231,0.07082083258483385,1,35.79679711732332
177,Resilience,173813376.6758147,0.0296674946043419,0.12402662469900105,1,30.439777284445356
178,Lowest Cost,159157672.03695098,0.14244547573296093,0.6122934052172471,1,38.53700341943313
178,Balanced,161462093.94840935,0.05016413106252819,0.16801094460646082,1,34.42994845399121
178,Resilience,164926308.11125216,0.014676400736756967,0.11741120589405574,1,30.682830258112745
179,Lowest Cost,171415134.1418448,0.0,0.0,0,38.866970899856184
179,Balanced,173297990.09750694,0.0,0.0,0,34.82986241662326
179,Resilience,176977308.515409,0.0,0.0,0,30.68484985119542
180,Lowest Cost,152332023.30938074,0.0,0.0,0,38.42505836748674
180,Balanced,154041708.39376253,0.04354662210631896,0.17513118084430268,1,35.86253257087293
180,Resilience,159606717.6861665,0.06967459537011034,0.2802098893508843,1,30.4431079576543
181,Lowest Cost,170297712.78768978,0.021004023637842928,0.16803218910274342,1,38.96998469282788
181,Balanced,172427561.78581157,0.0,0.0,0,34.36809643217086
181,Resilience,176021596.92811942,0.0,0.0,0,30.68381643591048
182,Lowest Cost,165680827.36770546,0.0,0.0,0,37.92872113313022
182,Balanced,168792768.87114608,0.0,0.0,0,33.6406881295495
182,Resilience,172450387.11339775,0.0,0.0,0,30.68101536494167
183,Lowest Cost,149339967.07744527,0.0,0.0,0,39.601410344444744
183,Balanced,150991878.06326085,0.017328591570573218,0.13862873256458574,1,35.19735699351783
183,Resilience,154296000.79388446,0.027725746512917163,0.2218059721033373,1,30.66960075697811
184,Lowest Cost,163082683.95887288,0.0,0.0,0,38.47977612473957
184,Balanced,164648233.65657917,0.02400636415646651,0.11282786031129088,1,35.87299013361052
184,Resilience,171054168.07042232,0.03841018265034642,0.18052457649806541,1,30.440040681472258
185,Lowest Cost,154625565.2320581,0.0,0.0,0,39.053107111273086
185,Balanced,156142164.8950409,0.0,0.0,0,35.514004776243816
185,Resilience,159752779.70946962,0.01997730940475627,0.15981847523805015,1,30.685088855792458
186,Lowest Cost,157898220.38964036,0.0,0.0,0,38.46163004846057
186,Balanced,159617320.15498233,0.0,0.0,0,35.84677287041865
186,Resilience,165547475.14283392,0.0,0.0,0,30.442380340553115
187,Lowest Cost,178498064.90039152,0.008636453791847576,0.06909163033478061,1,39.121108726632116
187,Balanced,179952177.09267345,0.019539042210185598,0.15631233768148478,1,34.318850025339586
187,Resilience,183310704.09117562,0.03126246753629694,0.2500997402903755,1,30.669547463274675
188,Lowest Cost,170072182.4189619,0.11178286262276188,0.4781125870109304,1,39.788387406749166
188,Balanced,172629714.3391446,0.03294981656537779,0.1595609540302313,1,34.3180201555524
188,Resilience,176265151.2697249,0.0,0.0,0,30.683511453821197
189,Lowest Cost,164653789.38626426,0.01795835403911339,0.1436668323129071,1,38.55855852634831
189,Balanced,166767248.73358524,0.0,0.0,0,34.50210538405296
189,Resilience,170343277.63125572,0.0,0.0,0,30.682941729148297
190,Lowest Cost,179546860.91107577,0.042551218904922194,0.23810000059658265,1,38.41075583368587
190,Balanced,181117163.00229704,0.0691444084898758,0.4307935733028285,1,35.16207579194144
190,Resilience,185104245.4247041,0.06528409999001866,0.34463485864226284,1,30.674595823609003
191,Lowest Cost,157313158.5138837,0.0,0.0,0,37.93543252370476
191,Balanced,159123584.39862224,0.0,0.0,0,35.80178080613741
191,Resilience,165478298.9501327,0.0,0.0,0,30.440024084823875
192,Lowest Cost,149654091.63102463,0.11505430683801111,0.5074924526575137,1,38.41264473556028
192,Balanced,152504870.8235843,0.05963621845675851,0.31469289434638326,1,33.63811080127903
192,Resilience,155840474.15403196,0.06394866009617527,0.25983496529229566,1,30.680687787406498
193,Lowest Cost,153641052.4331917,0.0604561303146377,0.4836490425171016,1,39.53101134549302
193,Balanced,155912903.98683134,0.017422729226531264,0.1393818338122501,1,34.49797655596551
193,Resilience,159241104.37193814,0.0,0.0,0,30.68395919564287
194,Lowest Cost,167483788.77870768,0.0,0.0,0,38.033340162164514
194,Balanced,168638960.79809502,0.0,0.0,0,35.95178547235428
194,Resilience,175094526.37480295,0.0,0.0,0,30.441279377513407
195,Lowest Cost,189809245.25145593,0.0,0.0,0,38.63482944153779
195,Balanced,191588794.71072906,0.0,0.0,0,36.12413024126017
195,Resilience,199107537.24948686,0.0,0.0,0,30.440463768453313
196,Lowest Cost,131868268.36499807,0.06221863464527708,0.4977490771622166,1,40.03660082587229
196,Balanced,133094591.44344182,0.021237952181362582,0.16990361745090066,1,34.32472577312018
196,Resilience,135527948.3099354,0.03398072349018014,0.2718457879214411,1,30.66951786640332
197,Lowest Cost,154307135.27113673,0.0,0.0,0,39.26895682512184
197,Balanced,155771510.56621388,0.0,0.0,0,34.35532791173039
197,Resilience,158705778.63420832,0.0248925868690517,0.1991406949524136,1,30.669554254281614
198,Lowest Cost,180800478.6478188,0.03716971483159638,0.29735771865277105,1,38.208348352440254
198,Balanced,182672860.68125725,0.0,0.0,0,35.79896347107182
198,Resilience,189704179.74459007,0.0,0.0,0,30.735021959922374
199,Lowest Cost,171608860.5355807,0.05202106046221805,0.4161684836977444,1,37.443495989445694
199,Balanced,172953099.23847175,0.04571186154474638,0.36569489235797104,1,35.85853071106844
199,Resilience,179631963.5915587,0.0,0.0,0,30.44113310060899
200,Lowest Cost,186249153.3984723,0.04547736916796587,0.3059737039940982,1,39.56492892380981
200,Balanced,188084338.3764525,0.049562433383497737,0.3964994670679819,1,35.031579889369254
200,Resilience,192310105.1594132,0.023088303516897585,0.18470642813518068,1,30.68448962748042
201,Lowest Cost,141784520.0035823,0.0,0.0,0,39.70226741939832
201,Balanced,144288708.8103545,0.0,0.0,0,34.30350840532568
201,Resilience,147439494.04847005,0.0,0.0,0,30.681933496761665
202,Lowest Cost,166285271.10425404,0.0,0.0,0,39.251866000118724
202,Balanced,169363912.68266284,0.0,0.0,0,33.644558081661074
202,Resilience,172982326.97762966,0.0,0.0,0,30.681507478866102
203,Lowest Cost,176025627.05866137,0.0,0.0,0,38.141653017855326
203,Balanced,177481680.63357356,0.0,0.0,0,34.74682051335664
203,Resilience,181333254.1897836,0.034954125571725794,0.27963300457380635,1,30.68394006907609
204,Lowest Cost,142826485.31391817,0.0,0.0,0,39.20692918549172
204,Balanced,144943795.21612564,0.0,0.0,0,34.56910115283751
204,Resilience,148161786.44841537,0.0,0.0,0,30.68296678307412
205,Lowest Cost,188140511.692476,0.0,0.0,0,38.695490219223515
205,Balanced,189774337.50196612,0.0,0.0,0,36.149012401719474
205,Resilience,196487944.34122825,0.020495809166791293,0.16396647333433034,1,30.445084337820454
206,Lowest Cost,169881929.39913034,0.059522992534913194,0.32613596206319884,1,37.365558542509824
206,Balanced,170797616.96600667,0.0930716632482086,0.4521248863377202,1,35.84598187682546
206,Resilience,177146551.20277357,0.07445733059856689,0.36169990907017624,1,30.450924811164242
207,Lowest Cost,196958168.9755104,0.0,0.0,0,39.12728225709708
207,Balanced,198614708.99797836,0.0,0.0,0,35.080093813864934
207,Resilience,203032010.9760945,0.03558988119975959,0.2847190495980767,1,30.863658385909527
208,Lowest Cost,149906380.471347,0.0,0.0,0,39.23008394140119
208,Balanced,152094147.41171306,0.0,0.0,0,34.43891815476517
208,Resilience,155374179.916197,0.0,0.0,0,30.68326748738223
209,Lowest Cost,180669572.58283752,0.03873619542206687,0.30988956337653495,1,38.42107894999934
209,Balanced,183199443.12405217,0.016851590224434318,0.13481272179547454,1,34.88893353615846
209,Resilience,187587252.2518844,0.02696254435909494,0.21570035487275951,1,30.681660868878875
210,Lowest Cost,164305165.14910284,0.025281732115799357,0.20225385692639486,1,37.3211678617324
210,Balanced,166115256.33818752,0.022693316003873962,0.1815465280309917,1,35.875059099302035
210,Resilience,173203543.64344797,0.03630930560619834,0.29047444484958673,1,30.437552580043434
211,Lowest Cost,177371266.4059469,0.0,0.0,0,38.41764047769271
211,Balanced,179011829.36348245,0.0,0.0,0,35.95174753699643
211,Resilience,185369999.66628614,0.0,0.0,0,30.443665249014106
212,Lowest Cost,176783809.87266347,0.0,0.0,0,38.67645842272832
212,Balanced,178497009.1504122,0.0,0.0,0,35.114969540976745
212,Resilience,182840804.47992504,0.0,0.0,0,30.681729369922603
213,Lowest Cost,134724414.42366606,0.0,0.0,0,39.82858361413184
213,Balanced,136890600.57673252,0.0,0.0,0,34.314957862979696
213,Resilience,139795861.62972915,0.0,0.0,0,30.683178270797313
214,Lowest Cost,147103220.9792702,0.0581200250232673,0.4649602001861384,1,37.72635411787735
214,Balanced,148294661.51032245,0.0692112465856967,0.395058516814878,1,35.867199506621326
214,Resilience,153608300.6837684,0.06467242255066456,0.2635690510122034,1,30.443353412432973
215,Lowest Cost,184739383.2625603,0.0,0.0,0,37.97899134227911
215,Balanced,187360151.50576755,0.0,0.0,0,34.043156620778745
215,Resilience,191729582.06642482,0.0,0.0,0,30.680867013332662
216,Lowest Cost,186798677.23276296,0.04427707525982859,0.3542166020786287,1,38.37746962345249
216,Balanced,188570603.29229286,0.04061781969000525,0.324942557520042,1,35.88404441514382
216,Resilience,195127258.00678596,0.06369455071050437,0.25995404601603356,1,30.444237691279977
217,Lowest Cost,153040497.15006623,0.03868090427936499,0.30944723423491993,1,39.64766456505822
217,Balanced,154736145.83899754,0.0179060196169218,0.1432481569353744,1,34.42961193313504
217,Resilience,157686765.55077398,0.02864963138707491,0.22919705109659927,1,30.669564401685555
218,Lowest Cost,170785603.72315198,0.0,0.0,0,37.486523394897006
218,Balanced,171648738.32381758,0.0,0.0,0,35.90729626355931
218,Resilience,177657059.64912584,0.0,0.0,0,30.443835772544762
219,Lowest Cost,176176695.2795062,0.002389968797252756,0.01911975037802205,1,37.728963835168436
219,Balanced,177461268.81149712,0.020809463752871404,0.16647571002297123,1,35.8763252667287
219,Resilience,183717958.0715554,0.03329514200459424,0.26636113603675393,1,30.443832247062538
220,Lowest Cost,177179153.43090957,0.0,0.0,0,38.19126454578356
220,Balanced,178631737.09221882,0.0,0.0,0,35.885270331022845
220,Resilience,184292827.2245994,0.0,0.0,0,30.680182961532534
221,Lowest Cost,175435281.17533386,0.0,0.0,0,39.068544751867016
221,Balanced,177867529.81754258,0.0,0.0,0,35.10626291986691
221,Resilience,181993690.94775057,0.0,0.0,0,30.71403805595165
222,Lowest Cost,186762220.56916597,0.044327709938594126,0.354621679508753,1,37.800814883586355
222,Balanced,187969827.61828476,0.015399852576348738,0.1231988206107899,1,36.202473847225065
222,Resilience,194529298.91195884,0.024639764122157987,0.1971181129772639,1,30.444089162321696
223,Lowest Cost,182777920.04188132,0.0,0.0,0,36.76507656493893
223,Balanced,183322084.9158201,0.0,0.0,0,36.003616097002435
223,Resilience,186307068.91546878,0.0,0.0,0,31.16688178539187
224,Lowest Cost,139440523.64261228,0.0,0.0,0,39.82843632809292
224,Balanced,140250425.3642116,0.0,0.0,0,35.39143837478258
224,Resilience,143140102.88220537,0.0,0.0,0,30.66948268502915
225,Lowest Cost,210271136.22166649,0.0,0.0,0,37.27050136793774
225,Balanced,211249732.76106298,0.0,0.0,0,36.0106143490927
225,Resilience,219143030.52848512,0.0,0.0,0,30.44199399368748
226,Lowest Cost,190685901.4092003,0.0389969859907118,0.3119758879256944,1,37.64741995786537
226,Balanced,193708862.6474113,0.011523088843381199,0.09218471074704959,1,33.91692011604044
226,Resilience,198025789.48515913,0.029858871096745482,0.23887096877396385,1,30.68075931301046
227,Lowest Cost,169104187.56490117,0.0,0.0,0,36.27521448022926
227,Balanced,170472718.75828853,0.0,0.0,0,35.754583485037344
227,Resilience,177790407.76685137,0.0,0.0,0,30.43755490762295
228,Lowest Cost,173722878.1607173,0.0,0.0,0,38.54828589178878
228,Balanced,176213710.2083572,0.0,0.0,0,33.77209140505003
228,Resilience,180068264.65887395,0.013344448020356503,0.10675558416285202,1,30.681471132261134
229,Lowest Cost,163400987.90869197,0.0,0.0,0,39.717060049769344
229,Balanced,165658978.8667623,0.0,0.0,0,34.46457805422113
229,Resilience,169292493.65267238,0.0,0.0,0,30.683032697919028
230,Lowest Cost,128960671.37042542,0.0,0.0,0,40.021699291222724
230,Balanced,131091466.78371516,0.0,0.0,0,34.313317372061015
230,Resilience,133885173.66526142,0.0,0.0,0,30.68299982642428
231,Lowest Cost,202976698.67517003,0.005756236785181779,0.04604989428145423,1,38.069245967845845
231,Balanced,204401948.37682912,0.010739036217022352,0.08591228973617882,1,35.890456870890006
231,Resilience,210904748.95917594,0.017182457947235746,0.13745966357788597,1,30.680231581430547
232,Lowest Cost,181879850.2786364,0.06648629644604659,0.5318903715683727,1,38.486283851653475
232,Balanced,183286736.42809328,0.02025566639375341,0.16204533115002728,1,35.89107780586116
232,Resilience,189024586.07744387,0.0,0.0,0,30.680226778509514
233,Lowest Cost,178789126.01457104,0.0,0.0,0,38.52377673256075
233,Balanced,180315738.0885386,0.0,0.0,0,35.991089292513536
233,Resilience,186878585.02543765,0.0,0.0,0,30.442968408141347
234,Lowest Cost,180030814.56425554,0.005228973240773607,0.04183178592618886,1,37.837861823958264
234,Balanced,182297378.2327536,0.02657466686515307,0.21259733492122457,1,34.85817663112159
234,Resilience,186451665.20864138,0.021705233197587562,0.1736418655807005,1,31.1100671935369
235,Lowest Cost,152944789.28305387,0.10392004328610886,0.5009265394833454,1,38.340785228715355
235,Balanced,154572066.57601643,0.0693777587144979,0.4620909032206715,1,35.868831469517175
235,Resilience,160094741.65403974,0.04620909032206713,0.36967272257653705,1,30.44343900356232
236,Lowest Cost,179876045.49163368,0.044020364134639806,0.35216291307711844,1,39.36177291509921
236,Balanced,181104766.64620814,0.06504961386595895,0.5203969109276716,1,35.68099550762306
236,Resilience,184617150.03973278,0.05494898233238049,0.43959185865904393,1,30.762295392311295
237,Lowest Cost,187347308.67666078,0.0,0.0,0,37.20994566324766
237,Balanced,190690683.95733213,0.01974146130620963,0.15793169044967703,1,35.75054667802622
237,Resilience,200712545.99310586,0.03158633808993541,0.2526907047194833,1,30.429062113978706
238,Lowest Cost,164742868.64625716,0.12966481143702277,0.5982859605330176,1,38.277445202751906
238,Balanced,166641599.56472766,0.12944310964374633,0.4487144703997632,1,35.82359751838479
238,Resilience,173066749.12960637,0.10315213725986308,0.3941338473216285,1,30.441143180710824
239,Lowest Cost,141211833.01447815,0.062157599129687754,0.49726079303750204,1,38.491649383224605
239,Balanced,142822793.97926837,0.017385115901171103,0.13908092720936882,1,35.85467717702369
239,Resilience,148067947.49297547,0.027816185441873753,0.22252948353499002,1,30.44261278076061
240,Lowest Cost,150267129.12630337,0.0,0.0,0,39.6556288645373
240,Balanced,153002678.0381358,0.0,0.0,0,33.84202072358632
240,Resilience,156381330.62081063,0.0,0.0,0,30.681396016494027
241,Lowest Cost,198758424.38026926,0.01036303685027315,0.0829042948021852,1,37.79358987664326
241,Balanced,200256843.90254804,0.01036303685027315,0.0829042948021852,1,35.893565603042276
241,Resilience,207740045.11780307,0.0,0.0,0,30.44215774225846
242,Lowest Cost,153972711.2432757,0.0,0.0,0,38.224158079373204
242,Balanced,155796809.5131731,0.0,0.0,0,35.803673406108814
242,Resilience,162000970.08023283,0.0,0.0,0,30.44014038226201
243,Lowest Cost,166208557.8644203,0.008994013241537466,0.06302395010717321,1,39.395809423134686
243,Balanced,168288617.55913794,0.026848876551775272,0.21479101241420218,1,34.677113867128305
243,Resilience,171931439.15792802,0.015938878509822688,0.1275110280785815,1,30.68429633739723
244,Lowest Cost,182326669.0863047,0.0,0.0,0,38.213160825803385
244,Balanced,185180878.2776403,0.0,0.0,0,34.05983781598532
244,Resilience,189528428.42769805,0.0,0.0,0,30.68084483052096
245,Lowest Cost,159328310.13979647,0.03897177423965187,0.31177419391721495,1,38.22905620895366
245,Balanced,160907131.1119987,0.013697064888511287,0.1095765191080903,1,36.03824722862238
245,Resilience,166697601.23533517,0.0,0.0,0,30.44313204968319
246,Lowest Cost,143526764.2659251,0.0,0.0,0,38.62307783551677
246,Balanced,145182625.6190439,0.03428203116395971,0.142062562465473,1,35.85710018372403
246,Resilience,150490674.50305238,0.05485124986233551,0.22730009994475664,1,30.442748488012956
247,Lowest Cost,163145606.68615776,0.05792837219077382,0.46342697752619055,1,39.44902019552236
247,Balanced,165532242.21039525,0.014482093047693448,0.11585674438154758,1,34.40745370430099
247,Resilience,168973942.4213519,0.0,0.0,0,30.684211784837007
248,Lowest Cost,203130823.58160037,0.0,0.0,0,38.30750098544411
248,Balanced,204076243.4759914,0.0,0.0,0,35.90800948480669
248,Resilience,210502769.3206895,0.03328437937401324,0.2662750349921059,1,30.680456379880326
249,Lowest Cost,170976975.9684612,0.0,0.0,0,38.902992707750805
249,Balanced,172868629.42257178,0.0,0.0,0,34.696043156728855
249,Resilience,176559206.76928073,0.0,0.0,0,30.66961901806341
250,Lowest Cost,172534362.49701107,0.0,0.0,0,38.13392051186797
250,Balanced,174238078.80376548,0.0,0.0,0,35.86580186095207
250,Resilience,180496656.37803176,0.02210330310358842,0.17682642482870736,1,30.443280123984707
251,Lowest Cost,178934533.96483037,0.04508168879326205,0.18098024078811226,1,39.12011042069924
251,Balanced,180828767.03684562,0.043011458538111,0.14550828372295443,1,34.42539963349524
251,Resilience,184440512.53917658,0.06881833366097763,0.23281325395672714,1,30.684938430542644
252,Lowest Cost,177194726.22775286,0.0,0.0,0,38.00062118549765
252,Balanced,178612905.40217388,0.011832060075607637,0.09465648060486109,1,35.91564544026184
252,Resilience,185102691.2158625,0.01893129612097222,0.15145036896777775,1,30.442932635183062
253,Lowest Cost,158847078.46061468,0.005571162919111042,0.044569303352888334,1,38.361206545596936
253,Balanced,160427470.39797628,0.04784623101951367,0.38276984815610937,1,35.89073572802886
253,Resilience,165516113.99763846,0.03827698481561094,0.3062158785248875,1,30.68029810478193
254,Lowest Cost,164097588.52996865,0.01675670566834933,0.13405364534679465,1,39.26986729517974
254,Balanced,164915072.3255617,0.01675670566834933,0.13405364534679465,1,35.14531488846179
254,Resilience,168183391.8803875,0.02666189582139966,0.2132951665711973,1,30.669466260558973
255,Lowest Cost,153867712.33544794,0.0,0.0,0,37.91907584680513
255,Balanced,155672814.12776113,0.0,0.0,0,35.838569707918296
255,Resilience,161529745.65401092,0.0,0.0,0,30.441983782470707
256,Lowest Cost,184485962.83699334,0.09726997558429108,0.4240181979011537,1,38.402481735945685
256,Balanced,187112247.2482124,0.06878284432557244,0.3415526603494563,1,34.32431950629404
256,Resilience,191561187.36964175,0.04936301635031552,0.27324212827956507,1,30.680858159605844
257,Lowest Cost,136993948.00803065,0.0,0.0,0,39.87701510437835
257,Balanced,138327179.322805,0.0,0.0,0,34.32712485505055
257,Resilience,140843690.13501364,0.0,0.0,0,30.669510768417563
258,Lowest Cost,136080789.9571359,0.0017076223490220532,0.013660978792176426,1,39.76237238538935
258,Balanced,137787853.214895,0.009702913259125506,0.07762330607300405,1,34.550745140901455
258,Resilience,140557723.21623322,0.015524661214600818,0.12419728971680655,1,30.669587991203162
259,Lowest Cost,158431115.00493303,0.1260789193296381,0.5562131543411624,1,39.308571798083214
259,Balanced,161134506.50026605,0.07319133292714124,0.41715986575587183,1,34.308694100005965
259,Resilience,164670059.07024208,0.0753901461078388,0.3337278926046975,1,30.681770715826023
260,Lowest Cost,172118158.8925416,0.05181836446856272,0.4145469157485018,1,38.27930607613608
260,Balanced,174019968.65926397,0.038863773351422035,0.3109101868113763,1,35.82910336061965
260,Resilience,180670033.82259643,0.0,0.0,0,30.441486624476305
261,Lowest Cost,180903607.15516275,0.0,0.0,0,37.73782940890027
261,Balanced,182579257.1055053,0.0,0.0,0,35.82786200691921
261,Resilience,189570541.41932076,0.0,0.0,0,30.441420589130775
262,Lowest Cost,190867453.79638577,0.06959753433052632,0.5567802746442105,1,38.08054860237853
262,Balanced,192752783.57249585,0.025193772203039116,0.20155017762431293,1,34.83410637315816
262,Resilience,197334183.65344894,0.0,0.0,0,30.68182011786055
263,Lowest Cost,171085042.73595834,0.08734770334369908,0.3557515044908891,1,38.404306779944996
263,Balanced,172534313.38846534,0.054003812319370056,0.34303012225870355,1,35.97035497629872
263,Resilience,178596091.12546748,0.03678954842570911,0.2943163874056729,1,30.44390097816328
264,Lowest Cost,134652602.29319483,0.0,0.0,0,39.737252642242325
264,Balanced,137191730.1750041,0.0,0.0,0,33.64403743445506
264,Resilience,140128415.66127384,0.0,0.0,0,30.681441254827448
265,Lowest Cost,191428420.77426907,0.0,0.0,0,37.03148317857005
265,Balanced,192278844.36111173,0.0,0.0,0,35.86758521171319
265,Resilience,199414747.01549554,0.0,0.0,0,30.455944901370103
266,Lowest Cost,155391671.09946716,0.0,0.0,0,38.07023154141332
266,Balanced,156783852.43792242,0.0,0.0,0,35.95587458866204
266,Resilience,161771371.6612177,0.0,0.0,0,30.68026918478796
267,Lowest Cost,135933586.7034665,0.0,0.0,0,39.50471474964799
267,Balanced,138480667.4400144,0.0,0.0,0,33.643471411225676
267,Resilience,141451112.04345575,0.0,0.0,0,30.681369265185463
268,Lowest Cost,169781006.9619249,0.0,0.0,0,39.53185885292638
268,Balanced,171784486.2630234,0.0,0.0,0,34.598556332098966
268,Resilience,175365616.20718196,0.0,0.0,0,30.66961885139609
269,Lowest Cost,184144300.36793715,0.0,0.0,0,38.84513786727825
269,Balanced,186826724.40755314,0.0,0.0,0,34.76280873679584
269,Resilience,191121875.40007338,0.0,0.0,0,30.682143676252704
270,Lowest Cost,183209372.36959454,0.0,0.0,0,38.31547913509415
270,Balanced,185339367.6083984,0.0,0.0,0,34.832055684876494
270,Resilience,189517795.42152163,0.0,0.0,0,30.682848195089477
271,Lowest Cost,184531531.7014958,0.05788788787596108,0.41082195207755234,1,39.14266580107427
271,Balanced,187448083.38035768,0.017227975669856094,0.13782380535884875,1,34.50334488659826
271,Resilience,191525391.0905649,0.0,0.0,0,30.682289021659575
272,Lowest Cost,168958245.86892948,0.0,0.0,0,38.62425487263213
272,Balanced,171285566.3174969,0.0,0.0,0,34.24277318498915
272,Resilience,174893181.5266704,0.0,0.0,0,30.683300451484786
273,Lowest Cost,174478710.7913606,0.059874206122578655,0.47899364898062924,1,37.00234721219858
273,Balanced,176801322.80315548,0.04490565459193399,0.35924523673547193,1,35.75228082914915
273,Resilience,184416426.04378873,0.03592452367354719,0.2873961893883775,1,30.437434020966933
274,Lowest Cost,173064806.08122265,0.025420019101140695,0.20336015280912556,1,36.788083685583494
274,Balanced,174624891.74609393,0.0,0.0,0,36.0375453553506
274,Resilience,182344486.00675613,0.0,0.0,0,30.444056231359724
275,Lowest Cost,175825942.01249954,0.0,0.0,0,39.41618975376581
275,Balanced,177004852.23504415,0.0,0.0,0,34.80686872592131
275,Resilience,180232888.58164397,0.0,0.0,0,30.66949337643468
276,Lowest Cost,152504496.47382948,0.09184093822192559,0.7347275057754047,1,38.49657872703241
276,Balanced,155375007.30122066,0.07475978074659755,0.39345782710782784,1,33.76804591880569
276,Resilience,158829940.13775897,0.039345782710782776,0.3147662616862622,1,30.68093033513352
277,Lowest Cost,152480482.73742452,0.0,0.0,0,38.19500845112904
277,Balanced,153975845.85008022,0.0,0.0,0,35.883570885126254
277,Resilience,159334224.72358176,0.0,0.0,0,30.44421280839175
278,Lowest Cost,171365292.1833291,0.0,0.0,0,38.48330883271977
278,Balanced,173050589.74491608,0.0,0.0,0,35.88197804969128
278,Resilience,179090139.27354595,0.0,0.0,0,30.44412911916727
279,Lowest Cost,174140273.47329342,0.0,0.0,0,38.89910579164761
279,Balanced,175951545.41792947,0.0,0.0,0,35.250417352288494
279,Resilience,180098387.63205552,0.0,0.0,0,30.683631111867125
280,Lowest Cost,182916382.66520163,0.07381506891957684,0.5905205513566147,1,38.79929035843804
280,Balanced,184799402.0925927,0.035499015249966986,0.2839921219997359,1,35.26267095203652
280,Resilience,189083714.1653875,0.0,0.0,0,30.68411123345542
281,Lowest Cost,158822424.67327756,0.0,0.0,0,39.37935580415418
281,Balanced,160889981.58345088,0.0,0.0,0,34.87079828867348
281,Resilience,164488475.53146833,0.0,0.0,0,30.684038690891303
282,Lowest Cost,196446953.8498516,0.09695116154533497,0.5347416348794224,1,38.097194282471726
282,Balanced,198136278.83669356,0.08875060468918461,0.4230118148672055,1,35.936677900795104
282,Resilience,205516835.7109085,0.025358577931819212,0.2028686234545537,1,30.442323444977095
283,Lowest Cost,165626021.93950722,0.07385181805467766,0.5908145444374213,1,38.29081511305458
283,Balanced,167243555.33809364,0.034250000139039644,0.18048078609221607,1,34.6301803818175
283,Resilience,170925976.6225819,0.0187038430040202,0.1496307440321616,1,30.683271512587766
284,Lowest Cost,168517763.0982747,0.047470296483172345,0.3529406254280715,1,38.27983641184251
284,Balanced,170262623.33848885,0.034912290791994594,0.17964008934771813,1,35.88043566096517
284,Resilience,176221417.6755156,0.035928017869543624,0.287424142956349,1,30.444048095932157
285,Lowest Cost,139419594.69291806,0.0,0.0,0,40.13105024165444
285,Balanced,141674391.43678385,0.0,0.0,0,34.319448545060354
285,Resilience,144647092.8540362,0.0,0.0,0,30.68366690183182
286,Lowest Cost,158357035.9698669,0.0071059608580355815,0.05684768686428465,1,39.70374339531466
286,Balanced,159963562.5914401,0.029400992223396913,0.2352079377871753,1,34.69278594854349
286,Resilience,163061064.60659415,0.023520793778717533,0.18816635022974026,1,30.669560454216413
287,Lowest Cost,158004274.0235142,0.010033317239521986,0.08026653791617588,1,36.30357435265478
287,Balanced,159130852.83354816,0.0,0.0,0,35.793371631809244
287,Resilience,165902482.242918,0.0,0.0,0,30.437885425295057
288,Lowest Cost,181789348.16562945,0.03224661528537129,0.2579729222829703,1,37.46705860968147
288,Balanced,182841306.98011383,0.01433769773565663,0.11470158188525303,1,36.11504647108758
288,Resilience,189494720.92098498,0.0274947453067928,0.2199579624543424,1,30.442672726565274
289,Lowest Cost,138130142.1752647,0.03353048756515753,0.26824390052126024,1,39.6786047190148
289,Balanced,139876823.87018636,0.008382621891289382,0.06706097513031506,1,34.36682338071506
289,Resilience,142664963.041725,0.0,0.0,0,30.66959357382406
290,Lowest Cost,184244008.78756294,0.05022883364662439,0.40183066917299515,1,39.14526033620663
290,Balanced,186503228.5869847,0.05104421144891062,0.408353691591285,1,34.75474052288435
290,Resilience,190510122.75317478,0.03083418163735145,0.2466734530988116,1,30.68444991684906
291,Lowest Cost,136772470.90539712,0.01085892383223852,0.08687139065790817,1,39.5022278856623
291,Balanced,137480708.7797969,0.07176685649510675,0.45536648201132746,1,35.21806173373627
291,Resilience,140180592.0982522,0.06929032219103806,0.364293185609062,1,30.66946380807575
292,Lowest Cost,173022406.3934265,0.06616778866968481,0.5293423093574785,1,39.241954778124146
292,Balanced,175901776.6476528,0.08256563742124272,0.5293423093574785,1,34.388426089330515
292,Resilience,179732524.2607073,0.062257436160237656,0.28816702526196003,1,30.682065610958492
293,Lowest Cost,137574559.59208292,0.10870307048383011,0.546489508069935,1,40.12859110514834
293,Balanced,138880518.9603813,0.13619496486617805,0.5196584752423767,1,34.32048184054941
293,Resilience,141441883.2623557,0.10002036594700103,0.38883024911920216,1,30.669530419523696
294,Lowest Cost,174162528.84169415,0.0,0.0,0,37.00349132068541
294,Balanced,176929079.0726842,0.0,0.0,0,35.67201035367442
294,Resilience,185444007.29086587,0.0,0.0,0,30.43324621997583
295,Lowest Cost,148093770.48700926,0.0,0.0,0,38.36010031392269
295,Balanced,149619303.20858282,0.0,0.0,0,35.87253348842716
295,Resilience,154852288.09353572,0.02446731774979702,0.19573854199837615,1,30.538605040066564
296,Lowest Cost,169735245.46768075,0.0,0.0,0,36.511900531079064
296,Balanced,171576843.48986968,0.0,0.0,0,35.7745731719942
296,Resilience,179604853.141709,0.0,0.0,0,30.434408198699195
297,Lowest Cost,174164621.78591284,0.0,0.0,0,39.35961270649365
297,Balanced,175830444.6147339,0.0,0.0,0,34.25965503455809
297,Resilience,179080020.93713316,0.0,0.0,0,30.669543795532107
298,Lowest Cost,178732663.34651533,0.0,0.0,0,39.278391465329854
298,Balanced,180574845.6102549,0.0,0.0,0,35.151872536708446
298,Resilience,184470671.45910305,0.04665270457915993,0.37322163663327945,1,30.79806433400747
299,Lowest Cost,189573101.6173437,0.0,0.0,0,38.03076557219414
299,Balanced,191147051.73769012,0.0,0.0,0,35.85177843728312
299,Resilience,198264928.504136,0.0,0.0,0,30.494545701773163
300,Lowest Cost,173151245.27051598,0.06595271698234131,0.25075860090180313,1,38.35596400120766
300,Balanced,174401865.8323566,0.05318566576128486,0.23373522949473335,1,36.226267727815994
300,Resilience,180741838.48075742,0.0484028887298901,0.20023492624333417,1,30.460798004181633
301,Lowest Cost,182097809.41167143,0.0,0.0,0,37.775054476915535
301,Balanced,183479147.69915923,0.013692815543658102,0.10954252434926481,1,35.904047163992374
301,Resilience,190773219.1036284,0.021908504869852963,0.1752680389588237,1,30.440076298135782
302,Lowest Cost,169924862.96876281,0.014905526203518774,0.11924420962815019,1,38.73902289743722
302,Balanced,171588116.79396722,0.05008668531605573,0.40069348252844583,1,35.00444962866972
302,Resilience,175372811.79303238,0.031656732095369886,0.2532538567629591,1,30.66961823509854
303,Lowest Cost,166395073.7293669,0.0,0.0,0,36.91127183334969
303,Balanced,168503318.43691817,0.0,0.0,0,35.748051849335944
303,Resilience,175805324.858089,0.0,0.0,0,30.4372135538342
304,Lowest Cost,190741330.80262843,0.0,0.0,0,39.32226878193376
304,Balanced,192587632.44106135,0.0,0.0,0,34.60307595673431
304,Resilience,196416599.48171967,0.0,0.0,0,30.669576656196774
305,Lowest Cost,193090491.51853973,0.000647258158354827,0.005178065266838616,1,37.09486217028623
305,Balanced,195240234.7491315,0.03680857079648209,0.14769993311579666,1,35.77377158480008
305,Resilience,203383556.42513695,0.05889371327437133,0.23631989298527456,1,30.43856485144252
306,Lowest Cost,200744930.2480539,0.0,0.0,0,39.04536902126466
306,Balanced,202374369.6771073,0.0,0.0,0,34.68798234156048
306,Resilience,206122873.9224044,0.0,0.0,0,30.690099642164753
307,Lowest Cost,153061221.4618209,0.0,0.0,0,37.710722347036246
307,Balanced,154526339.83242807,0.0,0.0,0,35.80124117105421
307,Resilience,160704316.49722108,0.0,0.0,0,30.44000975898244
308,Lowest Cost,153381833.78997868,0.0,0.0,0,38.63786029044054
308,Balanced,155033532.68742764,0.0,0.0,0,35.82308461395526
308,Resilience,161018010.21620485,0.0,0.0,0,30.441163694307768
309,Lowest Cost,192494840.35941678,0.0,0.0,0,38.92988150696022
309,Balanced,194131781.35976708,0.0,0.0,0,34.82286930021785
309,Resilience,198030649.88236383,0.0,0.0,0,30.669571096678585
310,Lowest Cost,164528195.20338872,0.0,0.0,0,38.47218783015949
310,Balanced,166156649.8379877,0.0,0.0,0,35.82762088076522
310,Resilience,172521241.91068977,0.0,0.0,0,30.44137953837854
311,Lowest Cost,146026845.34658396,0.052922183388004806,0.42337746710403845,1,39.51865101684736
311,Balanced,147486412.63078585,0.04960984984330258,0.1456529206421937,1,34.31826571849173
311,Resilience,150218818.95030326,0.08648877014383206,0.34891562718772207,1,30.66953697301942
312,Lowest Cost,178804224.42934117,0.0,0.0,0,38.27231589252691
312,Balanced,180619795.92579392,0.0,0.0,0,35.88372065726675
312,Resilience,186903683.18754804,0.0,0.0,0,30.444220678410183
313,Lowest Cost,173783672.95042184,0.015336547831503483,0.12269238265202786,1,39.30116672297958
313,Balanced,175259754.0102373,0.0,0.0,0,34.905566544061436
313,Resilience,178640259.1835035,0.016924509369364904,0.13539607495491923,1,30.669541073170986
314,Lowest Cost,147192054.70040327,0.0,0.0,0,39.57773912226731
314,Balanced,148985071.59662646,0.0,0.0,0,34.34158559392649
314,Resilience,151979016.80840096,0.0,0.0,0,30.669600214458562
315,Lowest Cost,192494142.78043023,0.020973726425192227,0.16778981140153781,1,38.0600619595428
315,Balanced,193633189.8156207,0.058431891187660276,0.4674551295012822,1,36.19647545776746
315,Resilience,200391650.62390098,0.046745512950128215,0.3739641036010257,1,30.469763226979676
316,Lowest Cost,176075580.02288714,0.0,0.0,0,37.616653530779196
316,Balanced,177428493.9367669,0.05415269393318495,0.4332215514654796,1,35.85217071074928
316,Resilience,183961480.97483116,0.03136501282242864,0.2509201025794291,1,30.442532774182673
317,Lowest Cost,158875226.1243129,0.039371620480367284,0.31497296384293827,1,38.171138313211806
317,Balanced,160785422.93462178,0.039371620480367284,0.31497296384293827,1,35.81043120219225
317,Resilience,167119695.2054923,0.03503339436163287,0.280267154893063,1,30.440497146996044
318,Lowest Cost,136663694.42053324,0.07420136648808791,0.5936109319047033,1,39.91956096791141
318,Balanced,139030910.16433054,0.057120909759572805,0.45696727807658244,1,34.30375541437417
318,Resilience,142065042.60513362,0.064128404502708,0.365573822461266,1,30.68196033557408
319,Lowest Cost,173130103.39368287,0.07286707865872005,0.3820091260825168,1,37.203052645983966
319,Balanced,175420909.224648,0.1112226994374555,0.4129904680354908,1,34.0500533678859
319,Resilience,179570127.2611669,0.10583826336271725,0.33039237442839264,1,30.68055790378058
320,Lowest Cost,137481338.06955072,0.10367425340442377,0.5073846099048475,1,36.25742710463387
320,Balanced,138265966.94976377,0.04976756556385252,0.16425718535876477,1,35.26129924500789
320,Resilience,140556000.0243371,0.049277155607629436,0.3942172448610355,1,31.411994531254784
321,Lowest Cost,174850047.1900957,0.017130940542752493,0.13704752434201994,1,37.13941150951414
321,Balanced,177265231.61381584,0.04698573006189741,0.13704752434201994,1,35.7889363979997
321,Resilience,185215255.48895353,0.04548830465114728,0.19776526778369174,1,30.435816476412022
322,Lowest Cost,171104649.54517108,0.0,0.0,0,38.60000349540631
322,Balanced,172743099.29455373,0.0,0.0,0,34.61627111560572
322,Resilience,176297101.4399062,0.0,0.0,0,30.669596945263383
323,Lowest Cost,177525991.45038536,0.0,0.0,0,36.87873134833213
323,Balanced,178512128.2986955,0.0,0.0,0,35.868683412595246
323,Resilience,184891818.40783054,0.0,0.0,0,30.44343123775887
324,Lowest Cost,158150259.1237817,0.0,0.0,0,39.671780026820194
324,Balanced,159867114.99610046,0.0,0.0,0,34.880257965840464
324,Resilience,163231777.8460922,0.0,0.0,0,30.66959445578873
325,Lowest Cost,159373559.54403016,0.0,0.0,0,38.50221350351016
325,Balanced,162249662.66667295,0.0,0.0,0,33.94825849969772
325,Resilience,165886092.4127485,0.0,0.0,0,30.681107324466787
326,Lowest Cost,150527165.84427065,0.03486014828041373,0.2788811862433098,1,38.53158017621301
326,Balanced,152366056.4834422,0.0845138075865152,0.44850533460219466,1,35.82510058625966
326,Resilience,158228172.71784586,0.08766841126943777,0.35880426768175566,1,30.44127035819086
327,Lowest Cost,182740230.8336529,0.021327326121701143,0.17061860897360914,1,38.55367979228598
327,Balanced,184132258.8624673,0.06016485173889505,0.4813188139111604,1,35.181785538131614
327,Resilience,187944510.42156866,0.048131881391116044,0.38505505112892835,1,30.748067125226356
328,Lowest Cost,151234234.43644795,0.0,0.0,0,39.43855102622699
328,Balanced,153250690.15578845,0.0,0.0,0,34.335394914746814
328,Resilience,156394494.62594408,0.0,0.0,0,30.669615639031555
329,Lowest Cost,150020892.88075173,0.0,0.0,0,39.99022542383978
329,Balanced,151315836.67831618,0.0,0.0,0,34.53476071239901
329,Resilience,154085089.90031394,0.0,0.0,0,30.669515504486316
330,Lowest Cost,181696672.96433526,0.0,0.0,0,38.375624179131414
330,Balanced,182905548.90095627,0.0,0.0,0,36.05859750563115
330,Resilience,189425462.0674378,0.0,0.0,0,30.44350183643808
331,Lowest Cost,170075156.48937064,0.04915939085382505,0.3932751268306004,1,37.70948952029956
331,Balanced,171138812.86530277,0.017457343546299117,0.13965874837039294,1,36.206716850919946
331,Resilience,177189183.5934324,0.0,0.0,0,30.480267199599126
332,Lowest Cost,204361973.79713196,0.0,0.0,0,38.27399784265652
332,Balanced,207238368.28634083,0.0,0.0,0,34.54795740468872
332,Resilience,212415435.3171437,0.0,0.0,0,30.68113309971738
333,Lowest Cost,131785767.56746712,0.07942215651900703,0.6353772521520562,1,39.832821874923
333,Balanced,133924248.45289885,0.05956661738925528,0.47653293911404226,1,34.314288661401754
333,Resilience,136771355.71412852,0.047653293911404215,0.3812263512912337,1,30.683105474697303
334,Lowest Cost,172943997.88895956,0.09213654535778817,0.7235894744969078,1,39.210142911995845
334,Balanced,175488613.72593802,0.12079960104205073,0.561075225510995,1,34.43660197757675
334,Resilience,179720980.2305098,0.09003780305900211,0.44886018040879605,1,30.681362994250616
335,Lowest Cost,161439013.44158813,0.07470203817392129,0.5976163053913703,1,39.68183053437489
335,Balanced,164229261.31060866,0.05602652863044097,0.44821222904352775,1,34.39029215178383
335,Resilience,167814869.3474332,0.04482122290435277,0.35856978323482214,1,30.682074104634818
336,Lowest Cost,161647952.68542275,0.02756739167178253,0.22053913337426023,1,39.30138590545538
336,Balanced,164079024.39657867,0.012147079474604902,0.09717663579683922,1,34.45225741868521
336,Resilience,167644787.9386264,0.019435327159367854,0.15548261727494284,1,30.68305015705787
337,Lowest Cost,182609705.7577897,0.006454079160880533,0.05163263328704426,1,38.109451155182946
337,Balanced,183966266.77602467,0.01872891146650875,0.14983129173207,1,35.34087627623877
337,Resilience,188383639.16165382,0.029966258346414004,0.23973006677131203,1,30.687501527193827
338,Lowest Cost,198145339.399704,0.019949711361449463,0.1595976908915957,1,36.49016660031389
338,Balanced,199517305.11027852,0.019949711361449463,0.1595976908915957,1,36.03903637751451
338,Resilience,208254847.61348546,0.0,0.0,0,30.436485807200533
339,Lowest Cost,183051066.4183241,0.036924516631193574,0.2953961330495486,1,38.313597137429774
339,Balanced,185321823.19712606,0.016399361130900666,0.13119488904720533,1,34.65175745268545
339,Resilience,189510692.0234334,0.022192118690823742,0.17753694952658994,1,30.682346731815226
340,Lowest Cost,212629941.30130365,0.06148512068297825,0.491880965463826,1,36.347803281117926
340,Balanced,214807781.53634802,0.07765117094479304,0.44540979555696036,1,35.72118486835467
340,Resilience,224472067.46213078,0.07080817985303169,0.3563278364455683,1,30.435449931162474
341,Lowest Cost,126912812.82045624,0.0,0.0,0,39.77454911407705
341,Balanced,128672594.00323121,0.0,0.0,0,34.32665262613296
341,Resilience,131322818.37906696,0.0,0.0,0,30.684451259011567
342,Lowest Cost,186156737.22531363,0.047915889209603976,0.3833271136768318,1,38.350588330909034
342,Balanced,188724262.76309112,0.018791862715950916,0.15033490172760733,1,34.39603604708876
342,Resilience,192743635.9931517,0.030066980345521466,0.24053584276417173,1,30.960942620731952
343,Lowest Cost,154810450.3527775,0.0,0.0,0,37.199159888594146
343,Balanced,156797054.41876066,0.0,0.0,0,35.78107354341917
343,Resilience,163265291.57513514,0.0,0.0,0,30.43894742175872
344,Lowest Cost,154923492.802088,0.0,0.0,0,39.19334176426631
344,Balanced,156866158.92104182,0.0,0.0,0,34.45199883715685
344,Resilience,160093414.6603961,0.0,0.0,0,30.684858799095256
345,Lowest Cost,174169713.12804335,0.0,0.0,0,39.01863853446917
345,Balanced,176578281.36844274,0.0,0.0,0,34.314120731155896
345,Resilience,180333763.17123142,0.0,0.0,0,30.683087207958994
346,Lowest Cost,148796827.81520236,0.14125148562390133,0.610767777354796,1,39.59117142627232
346,Balanced,150492828.77667207,0.06975404739857526,0.38943308072731075,1,34.350331323857176
346,Resilience,153428092.99615434,0.03894330807273108,0.31154646458184865,1,30.6695784021891
347,Lowest Cost,170053146.1694018,0.0,0.0,0,36.65653876877597
347,Balanced,171008346.1842879,0.0,0.0,0,35.71464673135864
347,Resilience,178778261.6569367,0.0,0.0,0,30.43546735984493
348,Lowest Cost,195530747.5460362,0.06611257843080454,0.5289006274464363,1,38.05036232345607
348,Balanced,197204261.32707185,0.051165940343279204,0.40932752274623363,1,35.96654063315277
348,Resilience,204214683.7054607,0.04093275227462338,0.32746201819698706,1,30.44354666615549
349,Lowest Cost,173758971.29410186,0.0009447727043992993,0.007558181635194394,1,37.631082130645
349,Balanced,175178634.92630813,0.0,0.0,0,35.880476562416334
349,Resilience,181309026.747627,0.0,0.0,0,30.444050244330235
350,Lowest Cost,158342570.19517714,0.05795620709307499,0.4636496567445999,1,39.7300545025328
350,Balanced,160790520.34002936,0.03364683257347581,0.15990776674979523,1,34.32067632782333
350,Resilience,164153751.27245665,0.05383493211756131,0.25585242679967235,1,30.683800536944446
351,Lowest Cost,163873832.7783774,0.0012814622306672602,0.010251697845338081,1,39.52513630482297
351,Balanced,166200712.0340016,0.018724333095909707,0.14979466476727765,1,34.94708828357587
351,Resilience,170089835.68696025,0.029958932953455544,0.23967146362764435,1,30.682949872140405
352,Lowest Cost,163806694.04423866,0.0,0.0,0,39.837089029607114
352,Balanced,164513601.4298887,0.0,0.0,0,35.488708157982686
352,Resilience,167167422.5468287,0.0,0.0,0,31.41257181862781
353,Lowest Cost,173118794.07403463,0.05806298485363211,0.311728919169015,1,37.15220477525064
353,Balanced,174226205.24870422,0.05806298485363211,0.311728919169015,1,36.01993878698271
353,Resilience,181271710.51163235,0.06892417154421211,0.311728919169015,1,30.439394168777458
354,Lowest Cost,146991368.43658075,0.0,0.0,0,38.46682838129373
354,Balanced,148539385.87700993,0.0,0.0,0,35.89130677081143
354,Resilience,153245728.06920397,0.012511552861493344,0.10009242289194675,1,30.680322765380716
355,Lowest Cost,187379109.6523268,0.0,0.0,0,39.00515325514371
355,Balanced,189884607.12036827,0.0,0.0,0,34.381323413831346
355,Resilience,194403342.4206901,0.0,0.0,0,30.681278680019606
356,Lowest Cost,175191481.2251382,0.05980652430123361,0.47845219440986886,1,39.27747161652697
356,Balanced,176599988.19707987,0.01921398736525022,0.15371189892200177,1,34.94242959077879
356,Resilience,179942413.3243513,0.0,0.0,0,30.66951687838532
357,Lowest Cost,197653813.48984358,0.06962308339867913,0.5569846671894331,1,38.095410671696065
357,Balanced,199155195.33702478,0.023852005494239784,0.19081604395391827,1,36.08575144209587
357,Resilience,206484938.84606454,0.0,0.0,0,30.44256342079086
358,Lowest Cost,126519967.86760563,0.0,0.0,0,39.37266938023673
358,Balanced,128608004.60125622,0.0,0.0,0,34.311222069304044
358,Resilience,131363223.92785707,0.0,0.0,0,30.682771954563098
359,Lowest Cost,174095730.20667052,0.0,0.0,0,38.42670086127446
359,Balanced,175854893.307853,0.0,0.0,0,35.99089388710035
359,Resilience,182171134.72706062,0.0,0.0,0,30.443247856627746
360,Lowest Cost,202144062.49019587,0.03250492827906201,0.2600394262324961,1,38.566964585086104
360,Balanced,203884488.68318957,0.05536417051743216,0.2600394262324961,1,35.109436062974666
360,Resilience,208488174.7781346,0.06259492905752848,0.2925983006511378,1,30.980541457390938
361,Lowest Cost,193213926.0209548,0.0,0.0,0,38.68963527982512
361,Balanced,194969205.27742687,0.0,0.0,0,34.69259962335322
361,Resilience,198728174.78460872,0.0,0.0,0,30.675127607086278
362,Lowest Cost,162687744.31757566,0.0,0.0,0,38.30019862012155
362,Balanced,165591073.7390762,0.0,0.0,0,33.96142560337617
362,Resilience,169400345.31096897,0.0,0.0,0,30.68094150378914
363,Lowest Cost,182903794.76436213,0.06363958771083324,0.5091167016866659,1,38.206574926547255
363,Balanced,184759182.95556593,0.05947590483224882,0.47580723865799057,1,35.91726695346369
363,Resilience,191508680.23240703,0.027290388206892835,0.21832310565514268,1,30.44276512993731
364,Lowest Cost,184391372.43374047,0.014724762942880651,0.11779810354304521,1,38.26941401201259
364,Balanced,186264643.00581405,0.01833366246148789,0.14666929969190312,1,35.09460601775026
364,Resilience,191089882.28945798,0.029333859938380613,0.2346708795070449,1,30.68530075773189
365,Lowest Cost,167997456.53407335,0.0,0.0,0,38.35128935255622
365,Balanced,169621430.22104642,0.011793402492377009,0.09434721993901607,1,35.94191292948886
365,Resilience,174971159.57846695,0.01886944398780324,0.15095555190242593,1,30.680416886859277
366,Lowest Cost,196998474.2604101,0.0,0.0,0,37.30164603795404
366,Balanced,198078717.01834956,0.0,0.0,0,36.12897041070173
366,Resilience,206156854.13864875,0.0,0.0,0,30.439139466482896
367,Lowest Cost,158577337.21609217,0.0,0.0,0,36.60754841991737
367,Balanced,159333850.4965721,0.0,0.0,0,35.33794038013795
367,Resilience,161775761.64027518,0.0,0.0,0,31.411892359065337
368,Lowest Cost,156632088.66647452,0.07985040126032088,0.628941062624724,1,38.29721112316395
368,Balanced,159498419.74979252,0.019654408207022633,0.15723526565618107,1,33.646882778808084
368,Resilience,162950130.54199556,0.0,0.0,0,30.681060775160844
369,Lowest Cost,141399481.7339818,0.05655712010417198,0.45245696083337583,1,38.17515469731051
369,Balanced,142904645.99600175,0.042417840078128974,0.3393427206250318,1,35.818737847918854
369,Resilience,148460153.24784654,0.05655110969111517,0.2714741765000255,1,30.440933798462332
370,Lowest Cost,147711202.4025606,0.0,0.0,0,39.498265676452554
370,Balanced,149832211.78679827,0.0,0.0,0,34.32140639584992
370,Resilience,152960368.66060477,0.0,0.0,0,30.68388000763804
371,Lowest Cost,162233932.22908428,0.14343309882668231,0.6611873539410965,1,38.56925205590296
371,Balanced,164230311.7439448,0.11705491220268045,0.4958905154558224,1,35.80875051890586
371,Resilience,170717069.66886157,0.04405487821656212,0.35243902573249697,1,30.44041050294903
372,Lowest Cost,150769562.80046508,0.0,0.0,0,39.202039098024265
372,Balanced,153164205.9564324,0.0,0.0,0,34.2550687888508
372,Resilience,156442917.97528234,0.0,0.0,0,30.68266387334542
373,Lowest Cost,136844062.25933266,0.08649548032161329,0.6919638425729063,1,39.37349570841005
373,Balanced,138747663.12648913,0.06487161024120996,0.5189728819296797,1,34.33275107573184
373,Resilience,141560065.3394814,0.051897288192967975,0.4151783055437438,1,30.68511570242417
374,Lowest Cost,152169497.50927618,0.0,0.0,0,38.172487159674745
374,Balanced,155083833.04209372,0.0,0.0,0,33.74879061546014
374,Resilience,158511801.86256522,0.0,0.0,0,30.680537789363864
375,Lowest Cost,196231233.91750953,0.022429222829854406,0.17943378263883525,1,37.20083999256275
375,Balanced,197767065.20343426,0.05280143867826223,0.42241150942609784,1,36.218458511524595
375,Resilience,206519416.7887098,0.08237168607840074,0.38660935295693954,1,30.625314179314973
376,Lowest Cost,134449600.4513202,0.06546972006235652,0.5038867411852199,1,39.93468412626064
376,Balanced,135293084.20319098,0.09295628663553776,0.5038867411852199,1,35.238381426130196
376,Resilience,138078504.97438574,0.09059654578720425,0.26963053508258217,1,30.669488612984193
377,Lowest Cost,129724239.37692025,0.06378074075309137,0.510245926024731,1,40.210110765337824
377,Balanced,130675712.88605182,0.058558822954885736,0.3826844445185482,1,35.24232375406564
377,Resilience,133367102.47666839,0.06400428618801611,0.30614755561483853,1,30.66948688552929
378,Lowest Cost,154066827.985983,0.0,0.0,0,38.89317168144282
378,Balanced,155665067.22296217,0.0,0.0,0,35.915145423405804
378,Resilience,160598038.27756977,0.0,0.0,0,30.680314630355774
379,Lowest Cost,154588612.8567019,0.1043729726836283,0.43088282216889073,1,37.311263949140404
379,Balanced,156583791.20624173,0.08161511079231554,0.3498451668634226,1,35.877080398671886
379,Resilience,163103003.5907753,0.06529208863385244,0.27987613349073814,1,30.43869162502385
380,Lowest Cost,161839849.7323836,0.0,0.0,0,37.48399557386902
380,Balanced,163820348.91353434,0.0,0.0,0,35.78037543438172
380,Resilience,170584820.46351162,0.0,0.0,0,30.438912513569193
381,Lowest Cost,152135264.6559806,0.04094087181459889,0.32752697451679114,1,38.0037378195037
381,Balanced,153447541.3831725,0.04663687823848778,0.3730950259079022,1,35.860548969282036
381,Resilience,159024417.09471047,0.06616419144694186,0.32529961178246203,1,30.442929156802577
382,Lowest Cost,158470031.0535471,0.0,0.0,0,37.98038083575381
382,Balanced,160148889.2048844,0.0,0.0,0,35.84994175900165
382,Resilience,166066749.1967504,0.028764068189506498,0.23011254551605198,1,30.44254849717464
383,Lowest Cost,119751236.21928698,0.05130157765805726,0.4104126212644581,1,39.87523300422909
383,Balanced,121676336.18163979,0.04729852528795975,0.378388202303678,1,34.318753091033884
383,Resilience,124233959.58401872,0.04489669386590123,0.3591735509272098,1,30.683591214421494
384,Lowest Cost,186324287.33247596,0.0,0.0,0,38.18596345291811
384,Balanced,188438390.8527187,0.0,0.0,0,34.502913705655985
384,Resilience,192944898.52331644,0.0,0.0,0,30.68160369065283
385,Lowest Cost,176690009.43756375,0.07964460137877588,0.637156811030207,1,38.738444015891396
385,Balanced,179450865.201544,0.07000908764294075,0.560072701143526,1,33.92043038701881
385,Resilience,183322479.26562312,0.056007270114352595,0.44805816091482076,1,30.681416675676147
386,Lowest Cost,187009100.63107145,0.0,0.0,0,38.64051622979813
386,Balanced,188408159.04594183,0.0,0.0,0,36.1529306506732
386,Resilience,195169211.83503366,0.0,0.0,0,30.44327515890251
387,Lowest Cost,158429507.9035158,0.07661444907530701,0.6129155926024561,1,39.00374737599113
387,Balanced,160208053.40445617,0.022793395230273517,0.18234716184218813,1,34.357704559804276
387,Resilience,163386212.5549594,0.0,0.0,0,30.669589831038593
388,Lowest Cost,163018674.33631387,0.06727381818655429,0.5381905454924343,1,39.95208576561758
388,Balanced,163968477.6897157,0.062217545638567726,0.4977403651085418,1,35.26037391534126
388,Resilience,167343997.96634632,0.05522249310711588,0.26546152805788903,1,30.669471051665354
389,Lowest Cost,165768316.555087,0.0,0.0,0,38.2007802924884
389,Balanced,167954970.01952365,0.0,0.0,0,34.81392728041411
389,Resilience,171773406.1639492,0.0,0.0,0,30.682368366089822
390,Lowest Cost,159640648.23547816,0.0,0.0,0,35.92978401682901
390,Balanced,160371332.6974583,0.0,0.0,0,34.91949362550801
390,Resilience,162853183.67930934,0.0,0.0,0,31.412448745588115
391,Lowest Cost,168915052.74762607,0.0,0.0,0,38.42931100335182
391,Balanced,170679608.45824346,0.0,0.0,0,34.92891177401827
391,Resilience,174489258.6639353,0.0,0.0,0,30.683848026179678
392,Lowest Cost,187833231.60123855,0.0,0.0,0,38.08810603768598
392,Balanced,189485476.70056877,0.0,0.0,0,35.86213776089982
392,Resilience,196335481.0260686,0.0,0.0,0,30.443088048440284
393,Lowest Cost,169089754.24885255,0.07042579211653419,0.5349482016307543,1,39.405434592725484
393,Balanced,171330276.34272394,0.032778759041067,0.1740960991545164,1,34.88179800927652
393,Resilience,175159034.51191455,0.01762679463480392,0.14101435707843135,1,30.68401703762976
394,Lowest Cost,188838833.10294232,0.015392991695563268,0.12314393356450615,1,37.614143589226416
394,Balanced,190092391.82763276,0.02166914366176259,0.17335314929410073,1,35.88243549856001
394,Resilience,196721229.6320187,0.03467062985882016,0.2773650388705613,1,30.444153152343468
395,Lowest Cost,161783926.05792913,0.0,0.0,0,38.48195400705227
395,Balanced,164795393.3941898,0.0,0.0,0,33.63968546196631
395,Resilience,168379394.83292553,0.0,0.0,0,30.68088791078116
396,Lowest Cost,172063673.66132557,0.012542705707947785,0.10034164566358228,1,38.37638408585899
396,Balanced,174982733.84469438,0.01960015031371927,0.15680120250975416,1,33.76071840928955
396,Resilience,178878349.59717393,0.031360240501950826,0.2508819240156066,1,30.68067485062076
397,Lowest Cost,163942216.1815754,0.0,0.0,0,39.58962422267763
397,Balanced,165619560.62166676,0.011078792513758415,0.08863034011006732,1,34.423823953441406
397,Resilience,168712685.27259642,0.020641530893927257,0.16513224715141805,1,30.669553330464602
398,Lowest Cost,188792362.91935843,0.0,0.0,0,38.49580167384758
398,Balanced,190444740.54025653,0.0,0.0,0,34.740365375964465
398,Resilience,194775022.46636426,0.0,0.0,0,30.683226399426054
399,Lowest Cost,208049876.93348005,0.0,0.0,0,37.52637422079843
399,Balanced,209647220.26117292,0.0,0.0,0,35.46625721295355
399,Resilience,214874804.39097917,0.0,0.0,0,30.68249500257015
400,Lowest Cost,193421318.07903042,0.0,0.0,0,39.31157760852736
400,Balanced,195017564.68191347,0.0,0.0,0,34.89856091349676
400,Resilience,199120432.87445018,0.0,0.0,0,30.669601316427055
401,Lowest Cost,203890927.79038045,0.04074912576661513,0.32599300613292104,1,37.879983493089824
401,Balanced,205187704.70540318,0.05689453503749446,0.4551562802999557,1,35.98072907750027
401,Resilience,212419637.0112039,0.04055156084232449,0.3244124867385959,1,30.563555949982966
402,Lowest Cost,179018509.73517665,0.06822199175345695,0.5457759340276556,1,38.408635508050956
402,Balanced,181187440.92166415,0.060855018044653986,0.4868401443572319,1,34.41339844897887
402,Resilience,185115966.24195135,0.04868401443572319,0.38947211548578553,1,30.682542152998003
403,Lowest Cost,164910812.5538818,0.0,0.0,0,38.258000373429155
403,Balanced,166696231.49607164,0.009389756754190723,0.07511805403352578,1,35.86531493156344
403,Resilience,172689022.44840783,0.015023610806705154,0.12018888645364123,1,30.443254593759324
404,Lowest Cost,149063702.34144905,0.0,0.0,0,38.23700988326031
404,Balanced,150905845.6792455,0.0,0.0,0,35.805983230247506
404,Resilience,156893927.50533792,0.0,0.0,0,30.440259920826115
405,Lowest Cost,159233651.49031195,0.05365468251267819,0.4292374601014255,1,39.75020421321264
405,Balanced,161514757.06508383,0.015640559590510694,0.12512447672408555,1,34.30475662713772
405,Resilience,164695269.77998137,0.0,0.0,0,30.888063732590535
406,Lowest Cost,186042953.9002155,0.017211440740671158,0.13769152592536926,1,37.91830074946296
406,Balanced,186806666.2565321,0.017211440740671158,0.13769152592536926,1,36.295458785040715
406,Resilience,193368847.8022157,0.0,0.0,0,30.60305878527665
407,Lowest Cost,159900688.4821906,0.048313246951059194,0.38650597560847355,1,40.02641655033409
407,Balanced,162172335.39783418,0.044365459757812156,0.35492367806249725,1,34.32247142264855
407,Resilience,165548872.18664065,0.03549236780624973,0.28393894244999784,1,30.683995950796245
408,Lowest Cost,196535887.6662734,0.06448116517060123,0.5158493213648099,1,37.517125984934985
408,Balanced,197264443.53375962,0.06448116517060123,0.5158493213648099,1,35.93567634146266
408,Resilience,203403878.73066998,0.055305428076191945,0.44244342460953556,1,30.680434769140934
409,Lowest Cost,134472602.560924,0.0833598251614369,0.5145939980806651,1,38.90187333176734
409,Balanced,135952709.1703939,0.06759497961220594,0.385945498560499,1,35.87613204643781
409,Resilience,140747600.91197166,0.0,0.0,0,30.443822103155338
410,Lowest Cost,168479473.20689988,0.0,0.0,0,39.689895070959786
410,Balanced,170913602.01065776,0.0,0.0,0,34.637568388144416
410,Resilience,174691260.0667166,0.0,0.0,0,30.683403167831887
411,Lowest Cost,159879598.08244166,0.0,0.0,0,38.252024323635844
411,Balanced,161801916.9155518,0.0,0.0,0,35.83377121055941
411,Resilience,167938490.9288735,0.0,0.0,0,30.441729413934585
412,Lowest Cost,198106962.9302538,0.0,0.0,0,37.37915097158203
412,Balanced,200000919.18937466,0.0,0.0,0,34.611346631817206
412,Resilience,205153193.32078192,0.0,0.0,0,30.703229340378154
413,Lowest Cost,168675548.96473208,0.01689613312788206,0.13516906502305648,1,38.23067076422516
413,Balanced,171454644.2255528,0.01858854890922508,0.14870839127380064,1,34.09969824122186
413,Resilience,175475515.63763267,0.029741678254760123,0.237933426038081,1,30.6810715262462
414,Lowest Cost,163773622.52847794,0.0,0.0,0,39.7305222476772
414,Balanced,166139433.73841313,0.0,0.0,0,34.32389025839072
414,Resilience,169585938.51219475,0.0,0.0,0,30.684150431176008
415,Lowest Cost,158484199.92964113,0.06406421714451635,0.5125137371561308,1,39.52230551225268
415,Balanced,160898049.08485296,0.04845884348499277,0.38767074787994216,1,34.44930054749254
415,Resilience,164384254.24628896,0.038767074787994224,0.3101365983039538,1,30.683146941510202
416,Lowest Cost,179553801.85500178,0.040920409042855,0.24226233799978658,1,39.41889896735242
416,Balanced,182139713.09788534,0.016121385410909905,0.12897108328727924,1,34.76597801816868
416,Resilience,186237237.03802228,0.02149132724024183,0.17193061792193465,1,30.683058833990824
417,Lowest Cost,180121616.666234,0.0,0.0,0,37.530113917535346
417,Balanced,182270792.49752805,0.0,0.0,0,35.88570859053135
417,Resilience,190441916.93477252,0.0,0.0,0,30.43560798497378
418,Lowest Cost,167636440.84669366,0.11551840538816556,0.4314488029017318,1,38.521417862037005
418,Balanced,169320555.71304268,0.07320595262388463,0.33212455470762836,1,35.98257627045205
418,Resilience,175416442.3866845,0.03321245547076285,0.2656996437661028,1,30.44322489881991
419,Lowest Cost,149320617.4724921,0.0,0.0,0,39.275494307578576
419,Balanced,150545083.22886977,0.0,0.0,0,34.71501232035681
419,Resilience,153443446.9350693,0.0,0.0,0,30.66955217556581
420,Lowest Cost,166409187.32425544,0.05985992492643813,0.47887939941150504,1,38.90860520673521
420,Balanced,168446320.01036644,0.01733289264207681,0.1386631411366145,1,34.81885857055303
420,Resilience,172161238.95641002,0.0,0.0,0,30.684040048737717
421,Lowest Cost,209620850.12020895,0.0,0.0,0,36.70876976419969
421,Balanced,210404043.27820572,0.0,0.0,0,35.74712067444886
421,Resilience,217253795.96329826,0.0,0.0,0,30.70444648118354
422,Lowest Cost,145454762.7942939,0.04314316751555322,0.34514534012442577,1,39.83241709891867
422,Balanced,147858766.55225864,0.010785791878888298,0.08628633503110639,1,34.314592140522585
422,Resilience,150999704.79035664,0.0,0.0,0,30.683138486682456
423,Lowest Cost,163895681.0769987,0.0,0.0,0,38.03451479464928
423,Balanced,166630418.75419366,0.0,0.0,0,33.82302503409344
423,Resilience,170350906.04519385,0.0,0.0,0,30.681109715470754
424,Lowest Cost,142305756.16741613,0.0,0.0,0,38.30453429669962
424,Balanced,143823827.56316844,0.0,0.0,0,35.88427387440156
424,Resilience,148822544.55328155,0.0,0.0,0,30.444249749340194
425,Lowest Cost,158860905.1871459,0.053754056675369796,0.43003245340295837,1,39.76172608361099
425,Balanced,161701442.18494648,0.020521535112162148,0.16417228089729718,1,33.68084462070006
425,Resilience,165184790.12498167,0.06660149731461619,0.27013632908125407,1,30.681448101627478
426,Lowest Cost,192557125.07940158,0.0,0.0,0,38.67403743697163
426,Balanced,194755577.51107585,0.0,0.0,0,34.670698095809
426,Resilience,199405718.3806429,0.0,0.0,0,30.681834599316037
427,Lowest Cost,171360471.7685602,0.0,0.0,0,37.85982584351218
427,Balanced,172377002.83132955,0.01444182383684868,0.11553459069478944,1,35.87517966741396
427,Resilience,178887210.10031438,0.01444182383684868,0.11553459069478944,1,30.441801587039528
428,Lowest Cost,159739864.01021776,0.0,0.0,0,38.037306059575016
428,Balanced,160935461.21161932,0.0,0.0,0,35.889303488542346
428,Resilience,166054681.5058367,0.0,0.0,0,30.680235075123708
429,Lowest Cost,200519921.9297458,0.016438505941340373,0.13150804753072298,1,37.16975557630196
429,Balanced,201413452.87062392,0.0,0.0,0,36.088693324623186
429,Resilience,209206229.49285072,0.0,0.0,0,30.44115431465511
430,Lowest Cost,169244876.35612532,0.0,0.0,0,38.57329304287166
430,Balanced,171001214.6752014,0.0,0.0,0,35.93467171435951
430,Resilience,177006728.14654508,0.0,0.0,0,30.44398227211623
431,Lowest Cost,165373807.81947255,0.0,0.0,0,38.73475613606387
431,Balanced,167393851.75452647,0.0,0.0,0,34.4339613758224
431,Resilience,170835361.34840727,0.0,0.0,0,30.684690856990457
432,Lowest Cost,202853054.91497225,0.07024809724460938,0.4305653161798155,1,38.54268748786114
432,Balanced,204221140.47707266,0.053847157820780256,0.2945089074690258,1,35.622577282177055
432,Resilience,208777426.342252,0.06438577787161032,0.327044052233319,1,30.760502796988114
433,Lowest Cost,167385250.19372517,0.08927493879629776,0.4925043505034765,1,39.005937221672745
433,Balanced,169044784.7151301,0.08442641032145867,0.6093540908474926,1,34.54987955474096
433,Resilience,172638831.581244,0.034154417961998015,0.2732353436959841,1,30.684589647064275
434,Lowest Cost,150786424.75327104,0.0,0.0,0,39.60624326036005
434,Balanced,153594986.1814001,0.0,0.0,0,33.64446724932283
434,Resilience,156877599.54568106,0.0,0.0,0,30.681495925008857
435,Lowest Cost,174716083.55106434,0.011964298909133489,0.09571439127306791,1,37.94408958545045
435,Balanced,177172369.0183965,0.014798586849971665,0.11838869479977332,1,34.48456312246873
435,Resilience,181417280.78535938,0.023677738959954675,0.1894219116796374,1,30.680670768126035
436,Lowest Cost,165050474.76968357,0.0,0.0,0,37.09503745028798
436,Balanced,167173814.3172339,0.0,0.0,0,35.780059039638054
436,Resilience,174080063.80311328,0.0,0.0,0,30.438895938566965
437,Lowest Cost,150655324.8723825,0.0593508247307893,0.4748065978463144,1,39.64145791025962
437,Balanced,153063002.88288134,0.022947927149846212,0.1835834171987697,1,34.31761942959968
437,Resilience,156289667.5690246,0.036716683439753955,0.29373346751803164,1,30.683467848016758
438,Lowest Cost,200118641.9355581,0.01377766251797996,0.11022130014383968,1,36.90277719424041
438,Balanced,200660363.28359124,0.019909002187423683,0.15927201749938946,1,35.716531673613964
438,Resilience,208443197.2559919,0.03185440349987789,0.25483522799902314,1,30.439738022161933
439,Lowest Cost,179304568.94306025,0.0,0.0,0,38.58475020292157
439,Balanced,182009563.02856672,0.0,0.0,0,34.443175622498416
439,Resilience,186080448.15452728,0.015234519132612895,0.12187615306090316,1,30.759992405233493
440,Lowest Cost,165629552.8530729,0.03755067451079733,0.3004053960863786,1,38.26553816951178
440,Balanced,167434845.82791665,0.028163005883098002,0.22530404706478402,1,35.84719854192023
440,Resilience,173650939.84231156,0.022530404706478394,0.18024323765182715,1,30.44240292497826
441,Lowest Cost,181745883.73303196,0.06843328713755358,0.4493842025501191,1,37.677929427278514
441,Balanced,182568278.22622213,0.07127774646414456,0.4075316651785683,1,35.98610069632205
441,Resilience,189431748.9958216,0.07333123560344948,0.32602533214285456,1,30.44370967029873
442,Lowest Cost,181485992.44224977,0.07492391876495669,0.5722272747377748,1,38.18200830291708
442,Balanced,183118693.91070879,0.07387135847715874,0.46497668424682126,1,35.8900180949647
442,Resilience,188935332.75760847,0.07169650513877185,0.37198134739745703,1,30.680266521982407
443,Lowest Cost,188443116.47427094,0.03949523965505013,0.315961917240401,1,37.964649568877974
443,Balanced,191663473.36014888,0.012521889432047281,0.10017511545637825,1,33.63965604642939
443,Resilience,195833216.5577187,0.0,0.0,0,30.680876188395317
444,Lowest Cost,171605753.84261933,0.0,0.0,0,37.19902019176634
444,Balanced,173697352.03177282,0.0,0.0,0,35.785347586164924
444,Resilience,180816127.62019882,0.0,0.0,0,30.439171864903205
445,Lowest Cost,141679994.71949348,0.014081062223559718,0.11264849778847774,1,38.57384973431165
445,Balanced,143161043.1959192,0.015124916379678915,0.12099933103743132,1,35.87148939386751
445,Resilience,148252041.4057492,0.0,0.0,0,30.44357843940706
446,Lowest Cost,171318367.491066,0.0,0.0,0,38.91750109860684
446,Balanced,174304544.48222116,0.0,0.0,0,33.942150080248716
446,Resilience,178180456.5550007,0.0,0.0,0,30.750324176240152
447,Lowest Cost,167231670.58617914,0.0746183825269559,0.5969470602156473,1,38.43444884355888
447,Balanced,169857295.23438168,0.022077501892138418,0.17662001513710734,1,34.3449378881561
447,Resilience,174016013.55848044,0.03532400302742146,0.2825920242193717,1,30.681005787976396
448,Lowest Cost,194976525.90255186,0.06683427631070044,0.5346742104856035,1,37.04676405791548
448,Balanced,196794115.942217,0.06683427631070044,0.5346742104856035,1,35.74575085007542
448,Resilience,205599354.1302583,0.05429489530775726,0.4343591624620581,1,30.435987071965844
449,Lowest Cost,172922198.99978277,0.0,0.0,0,38.78369857787144
449,Balanced,174660287.5736308,0.0,0.0,0,36.33762399558164
449,Resilience,181146316.70512328,0.0,0.0,0,30.45203222609201
450,Lowest Cost,148873064.95303023,0.020780245224046284,0.16624196179237027,1,39.54133646448446
450,Balanced,150964105.134154,0.0,0.0,0,34.337876506133476
450,Resilience,154057225.0896097,0.0,0.0,0,30.684677416668094
451,Lowest Cost,156659371.65942618,0.010005382428836487,0.0800430594306919,1,38.73318662776674
451,Balanced,157885964.0448283,0.00973394895811261,0.07787159166490087,1,34.45610023906563
451,Resilience,160827558.7518228,0.015574318332980189,0.12459454666384151,1,30.669532890312357
452,Lowest Cost,201593007.20768848,0.0,0.0,0,37.3048884075194
452,Balanced,203986064.54799703,0.0,0.0,0,35.820083939263
452,Resilience,212707261.94966483,0.0,0.0,0,30.437679006959396
453,Lowest Cost,183360332.8745664,0.0032870987905473936,0.02629679032437915,1,38.32522344796352
453,Balanced,186666075.07523227,0.03579764680982134,0.2863811744785707,1,33.6462465149797
453,Resilience,190756294.27393577,0.05380155987350996,0.23066024101526017,1,30.680634056752517
454,Lowest Cost,180467312.50050887,0.0,0.0,0,38.87322571171802
454,Balanced,183122517.9600369,0.0,0.0,0,34.524865725085455
454,Resilience,187188275.01275223,0.0,0.0,0,30.682386273361836
455,Lowest Cost,203914180.8463091,0.049976850849651575,0.3216340694716765,1,37.756080738682584
455,Balanced,204957844.8190507,0.0620999784360874,0.3216340694716765,1,36.29305984007293
455,Resilience,212233562.08986977,0.03503315160340456,0.2802652128272365,1,30.484642249821952
456,Lowest Cost,183428652.7812096,0.0,0.0,0,38.13444339936381
456,Balanced,185594516.1683288,0.0,0.0,0,35.801291846123384
456,Resilience,193013531.7744189,0.0,0.0,0,30.440013729381082
457,Lowest Cost,175575638.75927335,0.011653782224734982,0.09323025779787986,1,38.28332028918348
457,Balanced,178847582.85497367,0.013191451472736787,0.1055316117818943,1,33.755563581570065
457,Resilience,182747657.3965357,0.021106322356378854,0.16885057885103083,1,30.68093662493914
458,Lowest Cost,174536443.7814482,0.0,0.0,0,37.96389018483337
458,Balanced,175270934.21659476,0.0,0.0,0,36.12765720089632
458,Resilience,181076210.96828985,0.0,0.0,0,30.78471105971122
459,Lowest Cost,147478279.60092497,0.035174411080306306,0.28139528864245045,1,38.06106776156191
459,Balanced,149032049.9583241,0.033453920715437624,0.267631365723501,1,35.85485125009495
459,Resilience,154503601.15918052,0.0,0.0,0,30.442621890375854
460,Lowest Cost,146963901.33920756,0.026848509271647697,0.1304185982757906,1,39.089090064703775
460,Balanced,148457642.64882863,0.03257321839204924,0.26058574713639393,1,34.66297220287468
460,Resilience,151404469.4577915,0.029603621666928218,0.23682897333542574,1,30.669576150437702
461,Lowest Cost,150110825.5072543,0.0,0.0,0,38.81380053037405
461,Balanced,151621430.34406713,0.0,0.0,0,34.525857011241825
461,Resilience,154640216.25945872,0.0,0.0,0,30.669582046638247
462,Lowest Cost,132326801.93429217,0.12846956903579393,0.583082366894957,1,39.924306340768126
462,Balanced,134634821.12626687,0.036562121744793494,0.14672638223460865,1,34.30645398596214
462,Resilience,137553549.7215822,0.02934527644692171,0.2347622115753737,1,30.682253594645957
463,Lowest Cost,145753159.4367546,0.04671146066615513,0.373691685329241,1,39.81368588153973
463,Balanced,148263107.6824068,0.01677165833596686,0.13417326668773488,1,34.308512591576616
463,Resilience,151460929.06924766,0.026834653337546963,0.2146772267003757,1,30.6824773631753
464,Lowest Cost,170210268.61098808,0.0,0.0,0,39.307057408421144
464,Balanced,172445978.24853295,0.0,0.0,0,34.62800073310326
464,Resilience,176294425.40118682,0.0,0.0,0,30.683019951689303
465,Lowest Cost,164248404.8108813,0.0,0.0,0,37.89975665773609
465,Balanced,165592473.14680624,0.0,0.0,0,35.98168122547782
465,Resilience,171732305.33176494,0.0,0.0,0,30.442312108093844
466,Lowest Cost,174799948.1656379,0.0,0.0,0,39.50859534402448
466,Balanced,176883543.92472997,0.0,0.0,0,34.85197278961815
466,Resilience,180616328.0821467,0.0,0.0,0,30.685163472846202
467,Lowest Cost,162850030.77050644,0.0,0.0,0,39.82211274195052
467,Balanced,165128243.11881474,0.0,0.0,0,34.55139546439787
467,Resilience,168611020.0610229,0.035999759668856254,0.28799807735085003,1,30.684643244054072
468,Lowest Cost,147026183.87512496,0.08429704726328562,0.6743763781062849,1,38.220099069997126
468,Balanced,148505491.41839617,0.06867490470786142,0.5493992376628913,1,35.89066223667795
468,Resilience,153216663.28498983,0.05493992376628912,0.43951939013031294,1,30.680294870324587
469,Lowest Cost,158406173.35622996,0.05482256163067467,0.43858049304539737,1,37.33854145909629
469,Balanced,160531639.3657079,0.045527548518184774,0.3642203881454782,1,35.773056541902136
469,Resilience,167461781.43927363,0.036422038814547836,0.2913763105163827,1,30.43730745628017
470,Lowest Cost,134304558.95966387,0.009965344726576716,0.07972275781261373,1,40.217753760230934
470,Balanced,135808763.33521742,0.0,0.0,0,34.35033575914648
470,Resilience,138457583.73779106,0.0,0.0,0,30.669578391120847
471,Lowest Cost,131737223.47628295,0.0,0.0,0,39.79952318557105
471,Balanced,133601265.27944174,0.019361954440186083,0.15489563552148866,1,34.413980277575554
471,Resilience,136387274.7787275,0.030979127104297732,0.24783301683438186,1,30.684415149440053
472,Lowest Cost,175290843.48388237,0.0,0.0,0,39.133452441161
472,Balanced,177602225.08424833,0.0,0.0,0,34.89843833137031
472,Resilience,181592331.81675735,0.0,0.0,0,30.683245774545707
473,Lowest Cost,147444662.6604537,0.06870110596673194,0.5496088477338555,1,39.93661591830677
473,Balanced,149923598.82565114,0.020778921487239005,0.16623137189791204,1,34.54143819915137
473,Resilience,153329074.69581345,0.0,0.0,0,30.681910502143975
474,Lowest Cost,142692650.06579584,0.0,0.0,0,39.279215228619044
474,Balanced,144126676.11763152,0.0,0.0,0,34.67912255336591
474,Resilience,146943403.17894706,0.012906531802801671,0.10325225442241337,1,30.669568004832307
475,Lowest Cost,170127399.42495033,0.0077784502520082816,0.04359013621026553,1,38.36862348382552
475,Balanced,171893190.26090652,0.03904394560343802,0.31235156482750415,1,35.86360629612979
475,Resilience,178091318.95765063,0.03123515648275041,0.24988125186200327,1,30.443165020148957
476,Lowest Cost,150206587.6646369,0.0,0.0,0,39.63979662310171
476,Balanced,152189978.84340832,0.0,0.0,0,34.33902043248731
476,Resilience,155274721.23769718,0.0,0.0,0,30.669606607299162
477,Lowest Cost,170701860.91777927,0.0,0.0,0,39.309057685319715
477,Balanced,172864928.45554227,0.0,0.0,0,34.92422099513033
477,Resilience,176690029.62949884,0.0,0.0,0,30.68387574982562
478,Lowest Cost,168585706.51146615,0.07787175901427548,0.6229740721142039,1,38.530730407480924
478,Balanced,170238493.92074838,0.06435622677165487,0.5148498141732389,1,35.95811664679167
478,Resilience,176249207.81891885,0.09524044641302665,0.4118798513385912,1,30.44375698454149
479,Lowest Cost,189878759.7410971,0.004834158706941996,0.03867326965553597,1,38.982184928058054
479,Balanced,192071156.16531304,0.0,0.0,0,34.31833738924786
479,Resilience,195949028.8606989,0.0,0.0,0,30.685064403277977
480,Lowest Cost,194920373.9278009,0.0,0.0,0,37.13741950872776
480,Balanced,196888730.54410332,0.0,0.0,0,36.16495067998718
480,Resilience,205614899.42267522,0.0,0.0,0,30.722292053506195
481,Lowest Cost,193788828.6564949,0.07523537760389441,0.3448908466021755,1,38.4195405586926
481,Balanced,196372325.95676622,0.06342263337175813,0.39458020655689374,1,34.614659186001894
481,Resilience,200843075.91638792,0.039458020655689374,0.315664165245515,1,30.70001097894629
482,Lowest Cost,177628611.80145538,0.0,0.0,0,37.272748730617835
482,Balanced,179945478.60538977,0.017068352038373716,0.13654681630698973,1,35.89917806637176
482,Resilience,187525035.17905873,0.027309363261397934,0.21847490609118347,1,30.43798878687449
483,Lowest Cost,157493280.46536702,0.0034329476793519,0.0274635814348152,1,39.53490388609406
483,Balanced,159207830.48473147,0.0,0.0,0,34.72921418920931
483,Resilience,162340563.06415075,0.0,0.0,0,30.669568756220368
484,Lowest Cost,181293116.12744546,0.0,0.0,0,37.46038991793139
484,Balanced,183257314.9127546,0.01984410193227948,0.15875281545823583,1,35.79413075159052
484,Resilience,190665793.8665655,0.027136514713953508,0.21709211771162806,1,30.439635876305807
485,Lowest Cost,171871186.0688187,0.019573213215836202,0.15658570572668962,1,38.23774627840662
485,Balanced,173429204.21053183,0.04646872715202034,0.37174981721616274,1,36.032497134874156
485,Resilience,179589573.41717088,0.03717498172161626,0.2973998537729301,1,30.4435408427624
486,Lowest Cost,144445923.89166766,0.03611673481731993,0.28893387853855945,1,39.42516008184419
486,Balanced,146988805.28505918,0.009029183704329966,0.07223346963463972,1,33.645400911072066
486,Resilience,150119431.9849159,0.0,0.0,0,30.6816146943299
487,Lowest Cost,171416906.26938647,0.009145088998906384,0.07316071199125107,1,38.4832674633437
487,Balanced,173080715.24526802,0.016363505817177007,0.13090804653741606,1,35.89098145408313
487,Resilience,178568041.8863472,0.06758433751828634,0.331221825686425,1,30.680308919739904
488,Lowest Cost,173591236.44074026,0.0,0.0,0,38.46543651888895
488,Balanced,175571016.04495472,0.0,0.0,0,35.85995526078873
488,Resilience,181958512.79698214,0.0,0.0,0,30.442898049268052
489,Lowest Cost,169359322.19086778,0.012546862010937729,0.10037489608750183,1,38.74998701793983
489,Balanced,171449535.01747945,0.0,0.0,0,34.35247038185696
489,Resilience,175168818.1614582,0.0,0.0,0,30.683102234159538
490,Lowest Cost,184365516.5643132,0.07559670046134515,0.6047736036907612,1,39.39831675978826
490,Balanced,185961020.8345698,0.05414337202428114,0.43314697619424913,1,34.95044914861987
490,Resilience,189726292.33583874,0.017222734043908144,0.13778187235126516,1,30.66957902381348
491,Lowest Cost,202522458.2353232,0.0,0.0,0,36.7692026352031
491,Balanced,203088411.98104483,0.0,0.0,0,35.85187803249882
491,Resilience,211794227.74222073,0.0,0.0,0,30.43764434196829
492,Lowest Cost,165093693.85658482,0.0,0.0,0,39.37521617906617
492,Balanced,167406519.2127724,0.0,0.0,0,35.20443528983745
492,Resilience,171642941.71909714,0.0,0.0,0,30.68169959727892
493,Lowest Cost,193572954.68295777,0.009533198231500659,0.07626558585200527,1,37.95598695546749
493,Balanced,195150671.16707057,0.030764145282690336,0.2461131622615227,1,35.85902737457015
493,Resilience,202260992.85553837,0.09196480971528954,0.43976147028668877,1,30.44285325516587
494,Lowest Cost,156857592.95680448,0.0,0.0,0,39.75765211230555
494,Balanced,159114335.8584326,0.0,0.0,0,34.32375232831582
494,Resilience,162416283.2787259,0.0,0.0,0,30.68413541257851
495,Lowest Cost,145874992.68014076,0.0,0.0,0,38.30558094432239
495,Balanced,147463940.02845627,0.0,0.0,0,35.88074678974939
495,Resilience,152621942.9214329,0.013952837215467237,0.1116226977237379,1,30.444064438615865
496,Lowest Cost,164715794.08922708,0.014956874837691092,0.11965499870152874,1,39.059731631653634
496,Balanced,167278417.90775052,0.016883078240230956,0.13506462592184765,1,33.91175580929439
496,Resilience,171003802.22038063,0.027012925184369527,0.2161034014749562,1,30.6814176953812
497,Lowest Cost,171158568.79740214,0.0,0.0,0,39.82976620266215
497,Balanced,172774060.77709395,0.0,0.0,0,34.84798492308141
497,Resilience,176076130.3176887,0.0,0.0,0,30.66953483219787
498,Lowest Cost,144908525.50065666,0.0,0.0,0,39.55415170985851
498,Balanced,147456213.85144892,0.017324895609379345,0.13859916487503476,1,34.02099953507257
498,Resilience,150826616.5580129,0.027719832975006964,0.2217586638000557,1,30.681260287805177
499,Lowest Cost,186043301.7429149,0.02320409051274859,0.18563272410198872,1,38.167652673494764
499,Balanced,187646984.95006678,0.021822093603292916,0.10312646149497118,1,35.950937675886124
499,Resilience,194437948.93899453,0.02062529229899425,0.165002338391954,1,30.443047280520044
500,Lowest Cost,192547293.67802754,0.0027200099406484574,0.02176007952518766,1,39.27272523339726
500,Balanced,194157482.6469469,0.02262029198790262,0.18096233590322097,1,35.46460278980685
500,Resilience,198546940.1179404,0.01932291031027912,0.15458328248223296,1,30.739271698868084
501,Lowest Cost,159352792.71757197,0.0,0.0,0,37.81402545500184
501,Balanced,161039331.3071069,0.0,0.0,0,35.865299658230626
501,Resilience,166828909.58404812,0.05472811368902247,0.3145887440432876,1,30.4432537929867
502,Lowest Cost,153653160.66472852,0.01412286104731196,0.11298288837849568,1,39.41929215828482
502,Balanced,156155952.9910481,0.041388826511518276,0.3311106120921462,1,34.30885474727057
502,Resilience,159521149.01053497,0.033111061209214615,0.2648884896737169,1,30.682514559866302
503,Lowest Cost,150587914.11525834,0.04826161143875565,0.3860928915100452,1,38.404468142184236
503,Balanced,152515851.157299,0.0607941387915593,0.41525197252853663,1,35.79683154441214
503,Resilience,158655944.82387412,0.09541512234906864,0.4327474211396317,1,30.439777043413457
504,Lowest Cost,143991363.89254498,0.0,0.0,0,38.13088125734018
504,Balanced,145584924.81077012,0.0,0.0,0,35.83407886509393
504,Resilience,151103177.4651154,0.0,0.0,0,30.44174776219557
505,Lowest Cost,155230508.9842787,0.06070412367484061,0.4856329893987249,1,39.635564826235296
505,Balanced,156966576.18450552,0.018598008698597693,0.14878406958878154,1,34.519774646531225
505,Resilience,160261372.2457515,0.01679466915860306,0.13435735326882448,1,30.684795253443152
506,Lowest Cost,191894129.9940257,0.0,0.0,0,37.68226919345888
506,Balanced,192667800.0021735,0.0,0.0,0,36.23150470678921
506,Resilience,198810971.65618616,0.0,0.0,0,30.680073835116442
507,Lowest Cost,167190882.28834754,0.0,0.0,0,38.185746992892994
507,Balanced,168963782.05047342,0.0,0.0,0,35.84848735101344
507,Resilience,175736979.6351201,0.0,0.0,0,30.439855132230583
508,Lowest Cost,200490477.43283528,0.05098269108829452,0.40786152870635617,1,38.95717753725877
508,Balanced,202999991.4352267,0.03929061537295343,0.31432492298362746,1,34.660596932712465
508,Resilience,207428343.09129745,0.06759072434532215,0.28926585637567537,1,30.68307520371179
509,Lowest Cost,186054587.95873636,0.0,0.0,0,37.81016682719607
509,Balanced,188138110.71125144,0.0,0.0,0,35.805988820794774
509,Resilience,195602604.55690548,0.0,0.0,0,30.440262827260465
510,Lowest Cost,172118842.97939456,0.0,0.0,0,39.801414137548015
510,Balanced,173600037.210083,0.0,0.0,0,34.27835023332412
510,Resilience,176797636.17548403,0.0,0.0,0,30.6695367306751
511,Lowest Cost,157181376.9526506,0.04196318120935444,0.3069161790650562,1,38.35118141365249
511,Balanced,158692692.03474605,0.04568432799617171,0.13715337769144653,1,36.079364502125
511,Resilience,164516403.80053902,0.07309492479387476,0.21944540430631443,1,30.44260817750058
512,Lowest Cost,165390123.0813687,0.05283310893228979,0.4226648714583183,1,37.09506705912091
512,Balanced,167990124.34785646,0.03962483169921735,0.3169986535937388,1,35.65407735679818
512,Resilience,176331411.1770919,0.0,0.0,0,30.431979764783275
513,Lowest Cost,161117403.7750495,0.0,0.0,0,39.72295013095882
513,Balanced,163710881.55888674,0.06697183744350896,0.5357746995480717,1,34.32257725371697
513,Resilience,167257181.51176235,0.035874347773298024,0.2869947821863842,1,30.68239209806153
514,Lowest Cost,176715463.90590757,0.08175695310441602,0.4824742368896533,1,38.71173578561839
514,Balanced,178130254.88136438,0.017085312929267585,0.13668250343414068,1,35.17339943001885
514,Resilience,181997343.01033658,0.0,0.0,0,30.66960492739995
515,Lowest Cost,195686024.37945208,0.0,0.0,0,37.24994857833535
515,Balanced,196519158.888125,0.022790370037459567,0.18232296029967654,1,35.86568853332798
515,Resilience,204121479.8190248,0.03646459205993528,0.29171673647948226,1,30.574508530165836
516,Lowest Cost,157473418.31836376,0.04079921172604149,0.32639369380833194,1,39.57705205936519
516,Balanced,159843775.85520312,0.010528637292646206,0.08422909834116965,1,34.37151268921409
516,Resilience,163698244.83266562,0.0,0.0,0,30.68151949116106
517,Lowest Cost,174904700.100828,0.030784931358638662,0.2462794508691093,1,39.275463696776335
517,Balanced,177346920.32422543,0.0505422621016024,0.4043380968128192,1,34.64368770986041
517,Resilience,181116945.451408,0.0505422621016024,0.4043380968128192,1,30.704323361747218
518,Lowest Cost,141577842.09714678,0.0,0.0,0,39.08135912449955
518,Balanced,142850264.2457822,0.0,0.0,0,34.311482647335865
518,Resilience,145474526.6390137,0.0,0.0,0,30.669526747251506
519,Lowest Cost,154972403.85550642,0.018895067165327045,0.15116053732261636,1,37.6769007214856
519,Balanced,156240306.64198473,0.01895273371479983,0.15162186971839864,1,35.83556982453362
519,Resilience,162148205.92151842,0.0,0.0,0,30.44182470003211
520,Lowest Cost,185078315.43092087,0.0,0.0,0,37.007066901116666
520,Balanced,186890339.91067877,0.01889678780052785,0.1511743024042228,1,35.859922998928404
520,Resilience,195370701.65645748,0.030234860480844575,0.2418788838467566,1,30.435229115664622
521,Lowest Cost,150802235.85517588,0.12580906125294264,0.6495098396305934,1,37.956435496534894
521,Balanced,152480912.39123642,0.07688537691605592,0.487132379722945,1,35.852836071778015
521,Resilience,158089931.57265434,0.0633723051303687,0.389705903778356,1,30.442562090849826
522,Lowest Cost,175814452.79548368,0.0,0.0,0,37.170044384425104
522,Balanced,177570654.51072785,0.0,0.0,0,35.8348636265813
522,Resilience,184766621.66779482,0.0,0.0,0,30.439534482860022
523,Lowest Cost,193484572.39588502,0.0,0.0,0,38.23339810251869
523,Balanced,195072725.2956419,0.0,0.0,0,35.076517155388395
523,Resilience,199291048.38791004,0.0,0.0,0,30.669603610209396
524,Lowest Cost,179652198.7458375,0.033526297493748816,0.26821037994999053,1,39.041621153490084
524,Balanced,182092843.3518023,0.030004121681468696,0.24003297345174957,1,35.26204070422772
524,Resilience,186567460.03263617,0.05169391324898974,0.2215249272305182,1,30.707830910631362
525,Lowest Cost,167603193.08281857,0.0809148967415054,0.6473191739320432,1,36.867394161650225
525,Balanced,169355501.47346824,0.08909069853091023,0.5213263058176909,1,35.77323449872402
525,Resilience,176424590.9255887,0.078642582727346,0.41706104465415283,1,30.438537401624885
526,Lowest Cost,145576915.73591813,0.0,0.0,0,39.877751534114054
526,Balanced,148100451.1429343,0.0,0.0,0,33.64549644978504
526,Resilience,151253640.61751997,0.0,0.0,0,30.681626848590223
527,Lowest Cost,187638242.50614217,0.0076226173945422165,0.06098093915633773,1,37.27597627315881
527,Balanced,188883709.9354014,0.02387273564011641,0.19098188512093128,1,35.93038118522724
527,Resilience,195544716.43736255,0.019098188512093148,0.15278550809674518,1,30.443859825339697
528,Lowest Cost,188606203.7554848,0.0722082577494799,0.5437693734942242,1,37.68012298528011
528,Balanced,190220027.2106865,0.06705921343765142,0.407827030120668,1,35.8214039099007
528,Resilience,197821365.953693,0.06754675120127024,0.3262616240965345,1,30.49984561377019
529,Lowest Cost,148766078.73847118,0.03212458438268663,0.25699667506149304,1,39.15437447062042
529,Balanced,151358478.91231933,0.03212458438268663,0.25699667506149304,1,34.27687196292979
529,Resilience,154668869.23306182,0.01758846505508395,0.1407077204406716,1,30.68180679332091
530,Lowest Cost,159689058.39697558,0.0,0.0,0,39.62710747532096
530,Balanced,161890246.62055025,0.03285021448605098,0.1391524524080896,1,34.46528855241867
530,Resilience,165251394.0100783,0.06492526952571338,0.2967582323527638,1,30.68471167204524
531,Lowest Cost,153888406.55412757,0.040203056868283085,0.3216244549462647,1,39.76594631041106
531,Balanced,156222351.83008835,0.010166753395319292,0.08133402716255433,1,34.31953796317012
531,Resilience,159499559.28830716,0.0,0.0,0,30.683676633753215
532,Lowest Cost,191853011.88354078,0.0,0.0,0,37.3181036078194
532,Balanced,192747837.4605418,0.0,0.0,0,35.916301377875925
532,Resilience,199412894.93731058,0.0,0.0,0,30.634807743101934
533,Lowest Cost,166240952.97490624,0.0,0.0,0,38.38493162445619
533,Balanced,168124997.00081983,0.0,0.0,0,35.82468303621243
533,Resilience,174679366.69191575,0.03456626304629436,0.27653010437035486,1,30.44083285668548
534,Lowest Cost,180255059.42167318,0.07819223343485066,0.6255378674788052,1,38.182612785473246
534,Balanced,181957905.3556987,0.06078044521141811,0.48624356169134486,1,35.882750874212824
534,Resilience,188723006.96596706,0.04862435616913449,0.38899484935307593,1,30.442350154430194
535,Lowest Cost,167413981.13226604,0.0,0.0,0,37.809711677693606
535,Balanced,169258331.34957975,0.0,0.0,0,35.83090173019026
535,Resilience,175708088.8013962,0.0,0.0,0,30.441578515350997
536,Lowest Cost,161186110.13920188,0.05737055627310672,0.45896445018485377,1,39.61097385916134
536,Balanced,163364530.1142581,0.01624100349805062,0.12992802798440495,1,34.47785771764391
536,Resilience,166808333.33160624,0.0,0.0,0,30.684286860543864
537,Lowest Cost,157902892.84412217,0.05105014944118792,0.4084011955295034,1,39.46686944983113
537,Balanced,160025489.01993716,0.03828761208089093,0.30630089664712745,1,34.59478182589426
537,Resilience,163413030.97035167,0.030630089664712756,0.24504071731770205,1,30.68470415162687
538,Lowest Cost,200143081.82274675,0.06211583136243701,0.40319688345976756,1,37.2594326923731
538,Balanced,201897845.28999358,0.1017656437829769,0.36916685865625165,1,35.8519619692399
538,Resilience,210039593.79666564,0.14271128304999167,0.29684497650031016,1,30.439636850094715
539,Lowest Cost,156798960.35257092,0.0,0.0,0,38.78309926802316
539,Balanced,159796547.83578438,0.0,0.0,0,33.85551179484767
539,Resilience,163284152.8891041,0.0,0.0,0,30.680718719518104
540,Lowest Cost,172381405.44669104,0.0,0.0,0,38.38380336689385
540,Balanced,174198769.48510012,0.0,0.0,0,35.86605435817615
540,Resilience,180453163.76203513,0.0,0.0,0,30.443293363277945
541,Lowest Cost,173770768.57812676,0.04028060372355266,0.3222448297884213,1,38.44893125445468
541,Balanced,175731292.58234602,0.030210452792664502,0.24168362234131602,1,35.88849073633053
541,Resilience,182618144.17585793,0.0,0.0,0,30.4405826962944
542,Lowest Cost,171293317.9609932,0.08088435204993658,0.6470748163994926,1,38.42139576033724
542,Balanced,173174955.95691314,0.02253791928624567,0.18030335428996536,1,35.839756368023984
542,Resilience,180086231.3687536,0.036060670857993055,0.28848536686394444,1,30.440021388865972
543,Lowest Cost,188874182.0994012,0.0806701963467725,0.39193238303310607,1,37.702994452123384
543,Balanced,190225582.81843665,0.09050574157780109,0.39193238303310607,1,35.92972002710995
543,Resilience,197782723.06695324,0.09619495645937817,0.39193238303310607,1,30.439762326995318
544,Lowest Cost,183706096.4234954,0.013701172441203585,0.10960937952962868,1,38.23410763298751
544,Balanced,185502674.51365134,0.03372694260106483,0.26981554080851866,1,36.09605098277947
544,Resilience,192969547.62169302,0.05591881627842911,0.2562684914501093,1,30.439767021543236
545,Lowest Cost,140017694.07694528,0.0,0.0,0,39.70405404453234
545,Balanced,141383301.93170303,0.0,0.0,0,34.323446403653264
545,Resilience,143975020.86688524,0.0,0.0,0,30.66952165106331
546,Lowest Cost,150595955.9351456,0.0,0.0,0,39.59462373484424
546,Balanced,152349517.1518894,0.05504994473290835,0.4403995578632668,1,34.799963508545055
546,Resilience,155516007.37360373,0.03372624291047957,0.26980994328383656,1,30.66959190246647
547,Lowest Cost,171353491.21155047,0.040681196954769,0.325449575638152,1,38.548902025456464
547,Balanced,173212609.53990743,0.012805697051489665,0.10244557641191732,1,35.857374840529154
547,Resilience,179542469.96010217,0.020489115282383466,0.16391292225906773,1,30.44276287346438
548,Lowest Cost,146181767.8738022,0.0,0.0,0,39.47532629695136
548,Balanced,148424384.4140625,0.0,0.0,0,34.60342551119982
548,Resilience,151741172.1121203,0.0,0.0,0,30.68284645530619
549,Lowest Cost,151410963.77795923,0.0,0.0,0,39.165995630186366
549,Balanced,153428080.23732105,0.0,0.0,0,34.606343475603374
549,Resilience,156775503.74679157,0.0,0.0,0,30.683705211588972
550,Lowest Cost,186079944.37765867,0.0,0.0,0,36.983240199647135
550,Balanced,188686606.58914915,0.0,0.0,0,35.76780376504139
550,Resilience,196626727.52439895,0.0,0.0,0,30.438251593466813
551,Lowest Cost,168120301.77284548,0.00020763684791980097,0.0016610947833584078,1,39.90799040956588
551,Balanced,170324460.4991953,0.0,0.0,0,34.34396458349278
551,Resilience,173719839.9002404,0.014159847397338582,0.11327877917870866,1,30.669594283648543
552,Lowest Cost,151748740.4124508,0.09124659586000122,0.7299727668800098,1,39.60026749986264
552,Balanced,153671734.4119699,0.06843494689500092,0.5474795751600073,1,34.34851761388002
552,Resilience,156738500.46330905,0.05474795751600073,0.4379836601280058,1,30.669594952629705
553,Lowest Cost,155211021.1811866,0.0,0.0,0,39.73980585762313
553,Balanced,157762415.50192943,0.0,0.0,0,34.31198191893228
553,Resilience,161135798.41064814,0.017381776203114208,0.13905420962491366,1,30.68285458520866
554,Lowest Cost,166633276.5541181,0.031077889569103095,0.24862311655282476,1,39.648728933760374
554,Balanced,169192883.64594597,0.008388464500384857,0.06710771600307885,1,34.550686617325105
554,Resilience,172894902.04572546,0.0,0.0,0,30.683327074054166
555,Lowest Cost,145778619.55599782,0.062256546753971964,0.4980523740317757,1,39.78152908736334
555,Balanced,147433675.64091426,0.015564136688492991,0.12451309350794393,1,34.30892466829176
555,Resilience,150217032.90501797,0.02490261870158879,0.1992209496127103,1,30.669564584472525
556,Lowest Cost,158511983.3059006,0.0,0.0,0,38.81576664027751
556,Balanced,161153757.28885284,0.0,0.0,0,34.28717519053088
556,Resilience,165114984.6931931,0.0,0.0,0,30.680476470247953
557,Lowest Cost,181429179.68029752,0.03168966266996055,0.2432556179743881,1,39.35977745723055
557,Balanced,182868329.06304437,0.08347790599361879,0.4919659965847646,1,35.83392045523035
557,Resilience,186767976.5414848,0.0911902236350931,0.44815018689804775,1,30.669563613050343
558,Lowest Cost,172158329.83669114,0.07419951492900612,0.5935961194320489,1,38.30341584739141
558,Balanced,173879304.2712106,0.05724586818988581,0.45796694551908645,1,35.9463684109931
558,Resilience,179352644.63560754,0.07239340055594928,0.36637355641526914,1,30.680459922055306
559,Lowest Cost,186639146.42930132,0.17384251893998048,0.7059701533591203,1,37.80507630891984
559,Balanced,187829632.45217893,0.1531801720100633,0.6892819155475242,1,35.99606812784394
559,Resilience,195004922.70244598,0.08379672238525865,0.4289275684263856,1,30.441577058813515
560,Lowest Cost,174627663.07994765,0.05015741085647564,0.4012592868518051,1,39.73954175184466
560,Balanced,176525923.8897683,0.013982124864425557,0.11185699891540446,1,35.120449927363815
560,Resilience,180495721.1726062,0.0,0.0,0,30.68420444702736
561,Lowest Cost,148141943.60790655,0.04425552294711091,0.3540441835768873,1,39.16743681648168
561,Balanced,148959500.44650537,0.07505310911830229,0.6004248729464183,1,35.065492465998204
561,Resilience,151805858.80392793,0.051191382705219654,0.40953106164175723,1,30.669472632502345
562,Lowest Cost,205555989.68197128,0.05976629712970469,0.4781303770376375,1,37.43879899355897
562,Balanced,207806539.93411422,0.021983629313992767,0.17586903451194213,1,36.053344378372444
562,Resilience,216968229.1158019,0.0,0.0,0,30.6300811162832
563,Lowest Cost,203219375.77245504,0.06595611724893091,0.5276489379914473,1,38.67750545484748
563,Balanced,204594785.44612667,0.02527350705486306,0.20218805643890447,1,35.39231845422883
563,Resilience,209205839.64206094,0.0324522546855176,0.2596180374841408,1,30.684641587830043
564,Lowest Cost,144489657.57402882,0.0,0.0,0,38.43357355088381
564,Balanced,147015169.14879274,0.0,0.0,0,34.05139757217773
564,Resilience,150442547.13827989,0.0,0.0,0,30.68100586599562
565,Lowest Cost,157016468.0515115,0.0,0.0,0,38.73591180709014
565,Balanced,158228388.68132058,0.0,0.0,0,34.614441867166114
565,Resilience,161088042.69166526,0.0,0.0,0,30.66949006507686
566,Lowest Cost,194896327.492342,0.010450075730570385,0.08360060584456308,1,37.58643180034611
566,Balanced,196178653.30702206,0.035853951916865426,0.2868316153349234,1,35.89135171996083
566,Resilience,203432504.70281622,0.047925154354378746,0.38340123483502997,1,30.442478408441538
567,Lowest Cost,164426920.26161373,0.0,0.0,0,39.78582745326236
567,Balanced,166598861.2350364,0.0,0.0,0,34.646014948823165
567,Resilience,170147909.60637432,0.0,0.0,0,30.669617211740498
568,Lowest Cost,173273325.48708916,0.0,0.0,0,39.331424149686455
568,Balanced,175716190.72842288,0.0,0.0,0,34.63708249050177
568,Resilience,179442392.28744283,0.0,0.0,0,30.689629953419498
569,Lowest Cost,175865688.06919113,0.0,0.0,0,38.08372972138613
569,Balanced,177188903.81333736,0.0,0.0,0,36.12858352332617
569,Resilience,183459036.25292185,0.019727323123255022,0.15781858498604018,1,30.443700371433856
570,Lowest Cost,147380915.39563084,0.11203927069578261,0.5409189620270736,1,39.490955260972044
570,Balanced,149003146.81471068,0.08614983052659068,0.42265224155833503,1,34.35490272618034
570,Resilience,151831529.5334607,0.06891986442127253,0.3381217932466679,1,30.669565602068005
571,Lowest Cost,160581535.44718713,0.0,0.0,0,39.188367132611916
571,Balanced,162330674.86762598,0.0,0.0,0,34.30834249200332
571,Resilience,165398831.62152728,0.0,0.0,0,30.669566304710614
572,Lowest Cost,153538207.51500803,0.004385315134256926,0.035082521074055406,1,39.44721586085381
572,Balanced,155709319.68729007,0.022934488377394743,0.18347590701915795,1,34.68950290442812
572,Resilience,159196680.1207104,0.0366951814038316,0.2935614512306528,1,30.68278372300865
573,Lowest Cost,177014822.2565705,0.0,0.0,0,39.59002113351703
573,Balanced,178450952.4517868,0.021577555580191143,0.17262044464152915,1,34.4982351813583
573,Resilience,181778984.48616683,0.03452408892830583,0.27619271142644664,1,30.669521933223194
574,Lowest Cost,152378318.13258383,0.0,0.0,0,39.85610266225359
574,Balanced,154399252.3810082,0.0,0.0,0,34.33889625659854
574,Resilience,157530070.77179244,0.0,0.0,0,30.6696069167125
575,Lowest Cost,190117948.7543111,0.06733784028994654,0.46991985648613666,1,38.96152447083973
575,Balanced,191314138.64191985,0.08214543082460728,0.401501418091195,1,35.384613328860674
575,Resilience,195175740.2535682,0.035549442401928213,0.2843955392154257,1,30.682910342776875
576,Lowest Cost,155543111.565184,0.0,0.0,0,38.438588524631825
576,Balanced,157337289.36713567,0.0,0.0,0,35.86179867520337
576,Resilience,163028480.46212977,0.0,0.0,0,30.44307027757847
577,Lowest Cost,174153011.06734374,0.05281995330979854,0.22646414969355622,1,39.512316973373764
577,Balanced,175396395.7108124,0.028308018711694527,0.22646414969355622,1,35.33887246995269
577,Resilience,179228335.22748417,0.022765011821472003,0.18212009457177603,1,30.669593667511137
578,Lowest Cost,168087261.65095517,0.0,0.0,0,38.882337986049954
578,Balanced,169451922.36049885,0.0,0.0,0,35.13985959749833
578,Resilience,173031620.72448334,0.0,0.0,0,30.669584125702308
579,Lowest Cost,180373248.70740753,0.0,0.0,0,39.24952402806907
579,Balanced,182580216.96210575,0.0,0.0,0,34.79193012276488
579,Resilience,186644282.33894685,0.0,0.0,0,30.683929151652396
580,Lowest Cost,138317878.12829244,0.0,0.0,0,39.72245601815013
580,Balanced,140469758.81664684,0.0,0.0,0,34.321849974071355
580,Resilience,143399110.48722827,0.0,0.0,0,30.683928295796193
581,Lowest Cost,160212420.1359999,0.0,0.0,0,38.7254325910947
581,Balanced,161956167.34589738,0.0,0.0,0,35.90617497615962
581,Resilience,167744598.23975104,0.01882184884453969,0.15057479075631752,1,30.443411348639593
582,Lowest Cost,133913634.35992657,0.004947580382067787,0.0395806430565423,1,39.80958785939847
582,Balanced,136019273.6966237,0.0,0.0,0,34.31732076276434
582,Resilience,138888822.39532357,0.0,0.0,0,30.683435349174115
583,Lowest Cost,172982257.39573637,0.0,0.0,0,39.15763387102969
583,Balanced,174478689.0719319,0.012336935196676127,0.09869548157340902,1,34.48692936909161
583,Resilience,177780711.70849422,0.019739096314681792,0.15791277051745434,1,30.66954779633959
584,Lowest Cost,215613873.93247738,0.0,0.0,0,38.06011379917256
584,Balanced,216579495.78569233,0.0,0.0,0,36.17254140160706
584,Resilience,224073524.17002404,0.0,0.0,0,30.444945915527438
585,Lowest Cost,157735396.75921908,0.050732654026775584,0.40586123221420467,1,38.52266002685067
585,Balanced,159183588.56251055,0.03804949052008168,0.3043959241606534,1,35.8557783080886
585,Resilience,164994540.25918916,0.0,0.0,0,30.44272954753552
586,Lowest Cost,193071837.65865195,0.048738689915989536,0.3899095193279163,1,37.11096031507574
586,Balanced,193839628.54812634,0.048738689915989536,0.3899095193279163,1,36.08496075853177
586,Resilience,201148440.79565972,0.048738689915989536,0.3899095193279163,1,30.56551205378548
587,Lowest Cost,163522953.7906118,0.0,0.0,0,39.800896796601855
587,Balanced,165906313.47492602,0.0,0.0,0,34.60152912144387
587,Resilience,169538697.21249595,0.0,0.0,0,30.683478257894222
588,Lowest Cost,151434582.15218365,0.008035526048961586,0.06428420839169269,1,38.523834879866584
588,Balanced,154420440.76683816,0.03218464534312632,0.1314941126258935,1,33.63775745455671
588,Resilience,157802235.65968597,0.05149543254900209,0.21039058020142964,1,30.680642887295715
589,Lowest Cost,175556778.5285445,0.17066327647369328,0.5666544936287475,1,38.06471620723722
589,Balanced,176904288.42357233,0.08553339467242768,0.43139676222078516,1,36.018000063248635
589,Resilience,183083997.0626005,0.09153495760594765,0.3451174097766282,1,30.444057115008235
590,Lowest Cost,165847495.05460712,0.0,0.0,0,37.64392464756337
590,Balanced,167018513.2879606,0.0,0.0,0,35.81740525253823
590,Resilience,173524911.77971908,0.0,0.0,0,30.440865447464994
591,Lowest Cost,157016962.99881524,0.0,0.0,0,38.15582680120522
591,Balanced,159911207.657397,0.01964643565194775,0.157171485215582,1,33.75748207149439
591,Resilience,163497731.28312066,0.0314342970431164,0.2514743763449312,1,30.68054279928137
592,Lowest Cost,152209955.6728391,0.0,0.0,0,38.42777986478072
592,Balanced,153966554.53322476,0.0,0.0,0,35.83769707755952
592,Resilience,159767797.61138108,0.0,0.0,0,30.441937423529268
593,Lowest Cost,169646991.70983818,0.040453129864162815,0.2864103902497189,1,38.35732237627693
593,Balanced,171080776.76395458,0.03784531816186805,0.21357310323847611,1,35.86342582393015
593,Resilience,177251556.77935374,0.039195198735141254,0.17085848259078085,1,30.443155560150043
594,Lowest Cost,164497579.90345386,0.04220255511633213,0.337620440930657,1,38.38145016472
594,Balanced,166094113.5756293,0.04220255511633213,0.337620440930657,1,36.055176093025
594,Resilience,172215403.01536807,0.036486068935688024,0.2918885514855042,1,30.442614019071264
595,Lowest Cost,157233624.8351438,0.0,0.0,0,38.41231502158462
595,Balanced,158938405.0108613,0.0,0.0,0,35.87690523889889
595,Resilience,164620814.56809708,0.022697655124803567,0.18158124099842854,1,30.443424861008822
596,Lowest Cost,199108315.829021,0.0,0.0,0,36.85796096388415
596,Balanced,200772430.69331002,0.022982507853176112,0.1838600628254089,1,35.76539933072886
596,Resilience,209253713.53100216,0.06128131507052652,0.29417610052065424,1,30.438122638807293
597,Lowest Cost,171675147.86628014,0.0,0.0,0,37.17273278064562
597,Balanced,173923931.31671998,0.012473687169718764,0.09978949735775011,1,35.86424071776895
597,Resilience,181296256.00653598,0.019957899471550036,0.1596631957724003,1,30.438064193563616
598,Lowest Cost,179706834.75484532,0.0,0.0,0,38.315086852887745
598,Balanced,181543521.22650892,0.0,0.0,0,35.85560722772628
598,Resilience,188200037.7591357,0.0,0.0,0,30.442661454537514
599,Lowest Cost,129299766.98750287,0.0,0.0,0,38.818333820904414
599,Balanced,130703642.06271094,0.0,0.0,0,35.886585284296004
599,Resilience,134883507.3896906,0.0,0.0,0,30.68011548321966
600,Lowest Cost,177772630.70917043,0.0,0.0,0,37.40744523670094
600,Balanced,178948504.38367423,0.0,0.0,0,35.97599525963496
600,Resilience,185929007.8653107,0.0,0.0,0,30.440659615846833
